    Employee_ID,Attrition_rate
    EID_22713,0.21713233377446117
    EID_9658,0.12871984276974152
    EID_22203,0.21470151747622665
    EID_7652,0.24000612352931208
    EID_6516,0.22119216014895213
    EID_20283,0.1894365608114166
    EID_21014,0.19924136408081516
    EID_7693,0.22003943747737292
    EID_13232,0.23290948993204483
    EID_6515,0.22535553643482392
    EID_13639,0.19672960575266132
    EID_14669,0.14610310011811475
    EID_16537,0.20283848453248282
    EID_5782,0.2017369203212769
    EID_20157,0.17522205832149168
    EID_1855,0.12453408307692299
    EID_20748,0.2288724860728004
    EID_23179,0.20958376422798675
    EID_12838,0.187964406625688
    EID_21656,0.20181489798600413
    EID_8844,0.16832301656750737
    EID_1536,0.1950301689650053
    EID_8822,0.1961212883096529
    EID_11398,0.19523305031313085
    EID_12965,0.24347664067820945
    EID_5204,0.20841067185302264
    EID_10030,0.2173733627393683
    EID_13227,0.13505247609917592
    EID_20607,0.26160184611215004
    EID_14070,0.18325336182577223
    EID_3755,0.14384940167405932
    EID_5459,0.18078469720347004
    EID_7697,0.19014911818141314
    EID_3935,0.2085735422255855
    EID_19046,0.22970612807244267
    EID_4040,0.1267507565695759
    EID_17730,0.14847501484124062
    EID_4995,0.19702923210627393
    EID_24653,0.21521760638951962
    EID_6978,0.21665942194380744
    EID_13775,0.16949522317999022
    EID_14608,0.24866753632236996
    EID_3148,0.24350452203262596
    EID_24868,0.17683822875459093
    EID_5521,0.1687881066985792
    EID_21155,0.212224012931499
    EID_3840,0.18619435712425336
    EID_10646,0.13696466991523076
    EID_6711,0.1578700503004802
    EID_16247,0.24259626086129746
    EID_16789,0.21682291561594844
    EID_17967,0.22867866481284393
    EID_13270,0.22183198821597966
    EID_18462,0.16257961053623468
    EID_22248,0.24300252306362158
    EID_22693,0.2321077101952932
    EID_25662,0.17446632597713002
    EID_23346,0.2035106383120764
    EID_4437,0.1781643197469589
    EID_18108,0.1657228389302023
    EID_7000,0.19909481368590498
    EID_22770,0.23485620798268275
    EID_7816,0.1641856150271161
    EID_19615,0.21101019087507902
    EID_23807,0.18914231639385806
    EID_16764,0.22018207141631344
    EID_16818,0.20380794443814326
    EID_22712,0.21378767416508435
    EID_18198,0.24288862331537717
    EID_11154,0.2557045110769249
    EID_22137,0.22183622444024584
    EID_11655,0.23675072039799866
    EID_18514,0.19799886572390488
    EID_24742,0.21649048551332908
    EID_16019,0.18804929917611127
    EID_7357,0.19708779913743973
    EID_20106,0.19936006908751291
    EID_13284,0.1953848009408913
    EID_5451,0.2717375977741688
    EID_19728,0.2132387121065297
    EID_9178,0.1603511485109634
    EID_13177,0.23689748851865977
    EID_14300,0.17741888876401687
    EID_4379,0.1931197253503645
    EID_11285,0.17691152701923485
    EID_14882,0.1982804598446464
    EID_9969,0.22818235346555066
    EID_23643,0.2125115392380143
    EID_5935,0.14608777126059372
    EID_7741,0.16963276420032672
    EID_6176,0.20600021263761173
    EID_5418,0.2175487135378757
    EID_20626,0.1813876875178448
    EID_1725,0.1774496384485186
    EID_14317,0.1764042122116002
    EID_12120,0.22467183651448666
    EID_20264,0.17616288060661206
    EID_16691,0.16838769858026875
    EID_1093,0.18657880460911497
    EID_2565,0.14442936028845746
    EID_11463,0.200554861042208
    EID_12005,0.18265759315184055
    EID_10326,0.2019689878858247
    EID_12582,0.18967571964444854
    EID_18228,0.18511560721009052
    EID_11670,0.19161942042003213
    EID_24257,0.24670028370456154
    EID_7024,0.21780203470354265
    EID_10382,0.21506419095519227
    EID_20210,0.24760669003406027
    EID_10294,0.2371722459336418
    EID_19941,0.14301269210617357
    EID_25572,0.21095121554985438
    EID_7758,0.18046833768989276
    EID_22718,0.13464098442014508
    EID_1078,0.18510938086551437
    EID_8227,0.1972088342559952
    EID_1702,0.1812099784866357
    EID_3532,0.18028151631411832
    EID_22452,0.19465135427600966
    EID_3019,0.20675305396166968
    EID_22264,0.22856101813041352
    EID_9866,0.18672877350939618
    EID_3520,0.212188450053921
    EID_21098,0.2028378923099447
    EID_1186,0.2317879294054525
    EID_12355,0.2659941936554656
    EID_11020,0.1338492824827484
    EID_19193,0.21626058774998178
    EID_17787,0.22135336909496442
    EID_13719,0.16653421092538545
    EID_24449,0.16730372242511599
    EID_12957,0.17807600259776063
    EID_24794,0.16696480321183613
    EID_2866,0.20357554433412675
    EID_10563,0.2591074800154657
    EID_22492,0.23717627690469853
    EID_4106,0.19376173899114027
    EID_6648,0.21186691783089834
    EID_7209,0.1817578973364388
    EID_9692,0.1610317005016826
    EID_22763,0.27257135452235187
    EID_12622,0.23333752620094142
    EID_9831,0.20962468768992193
    EID_5731,0.16761563371360086
    EID_1114,0.22966041295645945
    EID_25017,0.21997930169792979
    EID_22956,0.20155924613056883
    EID_5549,0.15153532971433795
    EID_12022,0.2314439147692996
    EID_8034,0.19222256747841424
    EID_20644,0.22931826398852873
    EID_20125,0.17918703825425034
    EID_21957,0.1813680714128501
    EID_8870,0.2592096761446413
    EID_2305,0.15994741230538723
    EID_3977,0.1700251114419732
    EID_14845,0.17756791863479446
    EID_6629,0.16801188081132962
    EID_14577,0.19859239030677875
    EID_24509,0.2514723245773842
    EID_1530,0.15735575742874316
    EID_21524,0.23474494918769662
    EID_6647,0.14628244802718374
    EID_19730,0.2199375727247214
    EID_4424,0.19387986511949923
    EID_7964,0.18228072893390412
    EID_6289,0.19787028705855209
    EID_2899,0.21374985560141804
    EID_2827,0.21300480217282725
    EID_8801,0.17567822554232362
    EID_20454,0.17575829290650352
    EID_18988,0.2077277198451225
    EID_8405,0.19687533038830676
    EID_14497,0.20303682534711526
    EID_11769,0.1882004885901619
    EID_21353,0.24117694069173
    EID_2221,0.1846382525879743
    EID_13218,0.14928735135762497
    EID_4576,0.21231064173429856
    EID_17470,0.2523449110764564
    EID_14817,0.16120132946421714
    EID_21845,0.1996870275689844
    EID_21987,0.21919567925466674
    EID_1168,0.2277789200256593
    EID_14315,0.16731218265368872
    EID_5043,0.17536988514417295
    EID_1967,0.17358541516450693
    EID_22274,0.1543801058741078
    EID_11091,0.1931038915482749
    EID_18421,0.20191577373381117
    EID_8316,0.21897099362470102
    EID_13308,0.2550268464817821
    EID_19481,0.1802702589000388
    EID_17732,0.19912777260160605
    EID_4504,0.15171783088845314
    EID_2539,0.176534277301794
    EID_19529,0.18260024023490815
    EID_2279,0.17115387802385035
    EID_14508,0.19098831162012334
    EID_12241,0.1668389381311704
    EID_11530,0.1880229658542832
    EID_20147,0.18826283043873723
    EID_6154,0.2172977429904481
    EID_3523,0.15422017494947304
    EID_20453,0.19407708150950853
    EID_11929,0.19715467032064726
    EID_12840,0.16952977883224374
    EID_22320,0.21830694218053345
    EID_25383,0.28010532923915366
    EID_10731,0.19882956280518915
    EID_1017,0.1349133332342093
    EID_1819,0.27938272937629505
    EID_22849,0.21750764723629948
    EID_12290,0.18232865974292464
    EID_24238,0.23764492341885265
    EID_3105,0.1706559228957793
    EID_14242,0.21767033072851247
    EID_16569,0.23378891641455807
    EID_8094,0.16332746742381157
    EID_7824,0.18216872933229514
    EID_8978,0.18579729619881746
    EID_25314,0.2527787224714587
    EID_17810,0.15829620061778063
    EID_14856,0.2019116809770601
    EID_22144,0.19751044668987167
    EID_23603,0.20638094486405073
    EID_7211,0.1517231998473128
    EID_19340,0.24276540902267046
    EID_1501,0.15626400978556998
    EID_22111,0.22864134243951129
    EID_16147,0.19857993716406927
    EID_16746,0.1930651931595183
    EID_20777,0.19150066030895374
    EID_12999,0.1850585150593234
    EID_21663,0.23861496826976814
    EID_11862,0.26695468757447205
    EID_17683,0.2571707849221536
    EID_19819,0.23297710818108872
    EID_21562,0.18771381101439255
    EID_24390,0.1838097773808728
    EID_14444,0.2535731609337713
    EID_3261,0.17170838266529487
    EID_7752,0.16494263310314936
    EID_3033,0.17799011240169663
    EID_22433,0.2194552811042788
    EID_23727,0.1915568870704721
    EID_24107,0.1945842144521824
    EID_22537,0.18889378459112116
    EID_13645,0.22392753433675971
    EID_16021,0.2484949133290262
    EID_19800,0.20508400329450815
    EID_1944,0.19465163719418282
    EID_15868,0.26429517105520145
    EID_22188,0.17297434459462852
    EID_13833,0.18182240400472763
    EID_15028,0.18520760676953907
    EID_24861,0.20783930166801212
    EID_13033,0.19344461586402503
    EID_23673,0.23797589130056382
    EID_13265,0.1838375034487672
    EID_23411,0.19918886603708497
    EID_3761,0.1293903832224329
    EID_7299,0.16373079418774214
    EID_2379,0.1633312384737845
    EID_18863,0.2599301152814839
    EID_12115,0.15494305994481153
    EID_23879,0.20417976357405906
    EID_16586,0.17538132236439355
    EID_19003,0.23421422576789536
    EID_11107,0.19040343544090674
    EID_15416,0.18071710517117634
    EID_19214,0.22913597482823694
    EID_5135,0.22454153675397034
    EID_22464,0.1858390573260626
    EID_22759,0.17253002001126966
    EID_17833,0.1956566392515798
    EID_17627,0.25048282756401496
    EID_25730,0.1770861376633669
    EID_2377,0.1574451902505038
    EID_18085,0.2699427407414443
    EID_14096,0.1954179851768798
    EID_8384,0.16755150886023207
    EID_17105,0.21265400536666124
    EID_9929,0.1628761479511891
    EID_13267,0.1890229677303838
    EID_12954,0.1707918470497219
    EID_4464,0.1632653478179176
    EID_11464,0.1748975980372115
    EID_19308,0.2914316316687343
    EID_17530,0.21308022167632776
    EID_6981,0.17153494123785834
    EID_19951,0.15212930695208432
    EID_1100,0.22751065732760783
    EID_25145,0.20562266065272727
    EID_15614,0.19007733616089656
    EID_2961,0.15334494481373595
    EID_1742,0.19751647217053592
    EID_2843,0.1690122673249366
    EID_9549,0.18704651733190422
    EID_12832,0.21173399662005923
    EID_17914,0.25615905219104707
    EID_22832,0.20158574809747984
    EID_5755,0.2226218059822844
    EID_1141,0.12332652963213997
    EID_18954,0.23248596573997754
    EID_10824,0.18755650080461367
    EID_24478,0.23416619208297423
    EID_14916,0.19617220413135786
    EID_4434,0.15508743950083262
    EID_23650,0.2147849282237004
    EID_16556,0.21406075863109925
    EID_24656,0.2081849604789625
    EID_25965,0.2707832677837121
    EID_9279,0.21198396034523284
    EID_13802,0.2390388400552956
    EID_2748,0.22364788274906636
    EID_17346,0.2599621161858152
    EID_1171,0.16611413042806059
    EID_1552,0.1952989424143621
    EID_20674,0.19904333472786895
    EID_2475,0.16170597309261409
    EID_16714,0.24151155927207096
    EID_7857,0.16252372770581397
    EID_3294,0.2005855453311999
    EID_2280,0.23098255929598277
    EID_10203,0.203264520549858
    EID_22162,0.24103515072557807
    EID_10438,0.19110161392438146
    EID_12898,0.1899440558046864
    EID_4358,0.19261997172638345
    EID_6179,0.22742570946460722
    EID_2538,0.17778077395679995
    EID_13110,0.13352896215065727
    EID_24585,0.21379095706169177
    EID_1006,0.17106641095266004
    EID_11632,0.18909731556968107
    EID_21011,0.22086056784576005
    EID_16869,0.23237904950046795
    EID_20564,0.2629401201444632
    EID_12996,0.21261796174610542
    EID_1503,0.1559784794358178
    EID_23053,0.18283984079107418
    EID_22049,0.1816383745958299
    EID_4346,0.13513688637986243
    EID_1887,0.19975865086423175
    EID_16849,0.233173149005052
    EID_10071,0.22718610948058635
    EID_11265,0.1936319028613228
    EID_12611,0.21825965772347786
    EID_25542,0.23291898522572135
    EID_11582,0.2051878156984646
    EID_19550,0.23208467360621138
    EID_5351,0.2031770714865224
    EID_3305,0.15836582461889437
    EID_18846,0.30678842496913916
    EID_24764,0.244418428735498
    EID_2191,0.20755732345681183
    EID_6314,0.14147019155505025
    EID_23248,0.22563220755269103
    EID_4570,0.17352419349181655
    EID_16415,0.166872891232819
    EID_11002,0.20073338556327752
    EID_20498,0.17822771468255338
    EID_7846,0.1985665287049441
    EID_24121,0.16536316068229723
    EID_7536,0.1489817545349455
    EID_2015,0.20200245823688553
    EID_7934,0.18339570993993898
    EID_20903,0.19530448378329118
    EID_17535,0.19661485552347693
    EID_19760,0.1947251453350571
    EID_9550,0.15815070283995067
    EID_4261,0.18596867937845774
    EID_19753,0.17088100226886543
    EID_13542,0.20317055582122315
    EID_24283,0.21095861060329443
    EID_7552,0.2272189707979655
    EID_11577,0.18530880224839152
    EID_3228,0.22812179671318625
    EID_17468,0.2309984896860002
    EID_15815,0.193348525526821
    EID_2093,0.17521045384666803
    EID_21356,0.2234876057636342
    EID_12357,0.17473178353240404
    EID_18495,0.18731042315839783
    EID_5098,0.18905095242354591
    EID_12691,0.15378835037288927
    EID_13240,0.204128107632673
    EID_19312,0.2052039693694996
    EID_23914,0.24750242961894273
    EID_23175,0.22031689023238682
    EID_15413,0.24550947837973058
    EID_4785,0.2026898308396057
    EID_25933,0.24317174360608543
    EID_22705,0.19616184165025974
    EID_19350,0.1942081298336973
    EID_5369,0.16692796875189694
    EID_20410,0.21858782821978465
    EID_12557,0.2332204312760068
    EID_17678,0.16710650283556414
    EID_1342,0.1982797718053967
    EID_12230,0.18550946303354637
    EID_1311,0.21464523136822988
    EID_5860,0.1534984538327178
    EID_4259,0.20618482805498664
    EID_10209,0.223861972737777
    EID_2300,0.16265353276430095
    EID_17408,0.19751498174996943
    EID_1883,0.16009026719309616
    EID_1053,0.14966834878546076
    EID_23610,0.23985079708441592
    EID_17585,0.2726233292355767
    EID_20845,0.20382842643463617
    EID_15683,0.20060240365082133
    EID_11976,0.1862682460975757
    EID_12031,0.20163807552949395
    EID_1711,0.19290200564267634
    EID_6239,0.17072495513101174
    EID_25541,0.16630944018457886
    EID_9308,0.18682040743226797
    EID_18168,0.1827703573878233
    EID_11934,0.1871216635186984
    EID_23472,0.2652649036361079
    EID_13731,0.19930222358391553
    EID_16069,0.2279812963574301
    EID_18276,0.21477212436466467
    EID_6141,0.18914061275592062
    EID_12061,0.18076832738631252
    EID_9450,0.1797490155635474
    EID_21730,0.25515896523692055
    EID_19506,0.22458797109871526
    EID_13552,0.23576567562594675
    EID_9945,0.18657739427888015
    EID_1924,0.2114323511583123
    EID_18453,0.20778252923602336
    EID_20225,0.2481690050042113
    EID_18673,0.20410981811364834
    EID_11420,0.19739483549940595
    EID_16631,0.25704680508817546
    EID_21237,0.1632466657848131
    EID_5015,0.1870951872998778
    EID_20179,0.24654128524335006
    EID_12073,0.18953352870477752
    EID_21147,0.16183742140616042
    EID_6714,0.22341555202888408
    EID_10645,0.17264265580821053
    EID_18298,0.20022404763196658
    EID_2640,0.17528144174140595
    EID_2318,0.16706299037038494
    EID_25226,0.21582945444236387
    EID_24099,0.18474728578048794
    EID_20938,0.17875631854833843
    EID_8377,0.1706022862869635
    EID_7023,0.1968365117091867
    EID_11385,0.19897678900791432
    EID_15016,0.16794915351274664
    EID_25794,0.23484854508883132
    EID_11494,0.1946523405009622
    EID_2425,0.186547552937629
    EID_9847,0.18432445603790962
    EID_3570,0.20766336915030467
    EID_13573,0.22158853794935807
    EID_13780,0.2503541474575078
    EID_2949,0.19287295562301324
    EID_19834,0.17683874322869597
    EID_11384,0.18364175039444566
    EID_23154,0.24140849546627968
    EID_9337,0.17511647386487156
    EID_3653,0.21017480189633794
    EID_4850,0.1751681143508774
    EID_16283,0.19927815370378527
    EID_5107,0.165961478053511
    EID_25156,0.2201335350742202
    EID_17223,0.17986581201921747
    EID_14695,0.15737244519615182
    EID_11374,0.20819686283838082
    EID_13672,0.19912597722646475
    EID_6782,0.17818868425489537
    EID_25074,0.21557869056425472
    EID_21087,0.20012949399459362
    EID_13017,0.20901793116908957
    EID_9947,0.21786092889228423
    EID_21221,0.20595461131529508
    EID_21639,0.19657624524017459
    EID_20333,0.21513002051766603
    EID_2970,0.1509421916154775
    EID_7624,0.19298389073248537
    EID_15741,0.1809644321805596
    EID_1312,0.13997675253861244
    EID_19575,0.18070561971095436
    EID_21047,0.17763971664265565
    EID_11969,0.17496926711496671
    EID_19145,0.17680230122204418
    EID_9871,0.19098394890150153
    EID_18852,0.21148960890318144
    EID_22326,0.1725278292222269
    EID_7259,0.21338880142120492
    EID_21920,0.2021317128235917
    EID_1436,0.15454263697356674
    EID_8261,0.18303072011710236
    EID_23228,0.1865178115729125
    EID_5560,0.16410024378903915
    EID_22357,0.20456251820358484
    EID_4816,0.23131375489849715
    EID_10000,0.20773837171743778
    EID_21908,0.15819638693460206
    EID_14887,0.24100978548605623
    EID_12497,0.268754473770621
    EID_17976,0.24827508290055506
    EID_17356,0.21371858442109534
    EID_9785,0.23893081800147248
    EID_16224,0.19965740624947553
    EID_6020,0.1773039834262647
    EID_20716,0.19379755293820894
    EID_11351,0.26188529480870015
    EID_20899,0.19258030397242876
    EID_9718,0.24677413558757338
    EID_9479,0.1654941479461015
    EID_25048,0.17065773126098202
    EID_23370,0.2328896801167582
    EID_13877,0.14912601426773575
    EID_12256,0.2356959653254173
    EID_1903,0.18444858465325434
    EID_8830,0.17333084637388363
    EID_22060,0.19859485210612685
    EID_11996,0.2042061553613669
    EID_21061,0.23422894529605728
    EID_22604,0.16268914103814097
    EID_18463,0.2649135693639338
    EID_11375,0.17148530686291993
    EID_2685,0.23306936963696684
    EID_16010,0.20048131787151297
    EID_19288,0.24944309079384444
    EID_9283,0.2268366350376498
    EID_11122,0.20617241169096157
    EID_6638,0.1880384774104672
    EID_25516,0.21880173740083014
    EID_3864,0.17479091042671627
    EID_9746,0.1977740324125601
    EID_8407,0.1652249974223379
    EID_25463,0.23658114874792396
    EID_23098,0.2101935287917714
    EID_22512,0.14998642610022417
    EID_14671,0.14572061046808812
    EID_18482,0.2145277278278495
    EID_8151,0.20518821500979426
    EID_16624,0.21577708646095448
    EID_1983,0.2345801067800957
    EID_18445,0.18451547351362968
    EID_11891,0.2077923773378362
    EID_2010,0.1614348364611359
    EID_4592,0.20653286742716764
    EID_17412,0.2341910576390949
    EID_24883,0.20892247774483905
    EID_15661,0.19575229086541068
    EID_11757,0.15337047579327356
    EID_2627,0.15894819862103773
    EID_13243,0.2292772639755024
    EID_10917,0.19951283631488423
    EID_4360,0.1868806915044619
    EID_13536,0.23880452877971314
    EID_10695,0.1791424215028062
    EID_5746,0.32256387508482665
    EID_1178,0.16444177096972964
    EID_15290,0.21260747368539662
    EID_3540,0.1950024771544024
    EID_14684,0.19346429960500752
    EID_7914,0.1933265082042947
    EID_23733,0.23794909162243488
    EID_5907,0.19559472124522412
    EID_5142,0.12234260845293687
    EID_7686,0.20687872398226845
    EID_12078,0.193415853980713
    EID_4880,0.18192691152239834
    EID_1527,0.23778217307327026
    EID_15919,0.2026217560845051
    EID_1260,0.21517285437631944
    EID_22377,0.22816842467969445
    EID_7876,0.13424673292654124
    EID_1213,0.14140484210636722
    EID_4161,0.1898958984805343
    EID_3214,0.19062057876319036
    EID_17651,0.22908909903784536
    EID_8005,0.1831770801621062
    EID_12852,0.1724596326937979
    EID_21465,0.2151977456178009
    EID_7371,0.1931611308211259
    EID_25687,0.14946067494165052
    EID_17222,0.21236074087636408
    EID_1994,0.2105169555637499
    EID_22384,0.18558364122080936
    EID_6344,0.18411302506969907
    EID_18801,0.18136896479551404
    EID_13688,0.2520179197587056
    EID_13779,0.20777107208028772
    EID_24969,0.18129695091024178
    EID_15311,0.16320471236959197
    EID_9095,0.17161866238944654
    EID_11675,0.20089323316490224
    EID_14870,0.19037504620407555
    EID_1575,0.1565707618435765
    EID_7440,0.16398296052051636
    EID_24259,0.21580324007289253
    EID_19501,0.1922094270504886
    EID_23743,0.2393722224348771
    EID_13287,0.19589032323296532
    EID_2226,0.23455235518910592
    EID_22439,0.1705423323943455
    EID_16078,0.18469795976492173
    EID_18895,0.20269147151211825
    EID_19860,0.23919228693880834
    EID_24564,0.16209906455146864
    EID_21747,0.15972496167421896
    EID_4659,0.21475963944715384
    EID_24149,0.22004565047111252
    EID_13300,0.199391488477008
    EID_16950,0.1979751490705934
    EID_23778,0.17538695212531114
    EID_14691,0.20080865941012485
    EID_10789,0.1956753301249425
    EID_5525,0.17311289240635447
    EID_19424,0.2481738516954216
    EID_6171,0.15492849276868587
    EID_19569,0.21803217109841863
    EID_4602,0.14501671032225238
    EID_17919,0.22713333519080892
    EID_4286,0.1845467620559775
    EID_1973,0.17446471693686963
    EID_25715,0.22093953360353458
    EID_23385,0.18079395046999136
    EID_13681,0.22507784705616324
    EID_25410,0.18267442637942943
    EID_18267,0.2228189267309167
    EID_15252,0.2267455027017094
    EID_23214,0.23918468529812537
    EID_18551,0.25724063794188967
    EID_2401,0.15047988652146188
    EID_7609,0.22743586991636064
    EID_21291,0.2605370139093073
    EID_10126,0.2426366981337449
    EID_19714,0.17106330926777533
    EID_4911,0.2105075576613315
    EID_12505,0.2335753651512654
    EID_10377,0.19598968210948384
    EID_3407,0.18416397610331067
    EID_3386,0.18760686889161354
    EID_7623,0.18932156533006536
    EID_19517,0.1687534415583638
    EID_21782,0.21382002140646653
    EID_12361,0.1895397934465691
    EID_21171,0.17796092374996628
    EID_17836,0.21640908827327496
    EID_20286,0.22035996994535398
    EID_25798,0.19345608285846022
    EID_15699,0.16230679981932689
    EID_17006,0.12983039570739452
    EID_22476,0.18780004837854083
    EID_9406,0.21341307011156507
    EID_13559,0.24131736805445414
    EID_1340,0.1507994516557771
    EID_17848,0.23348605058667443
    EID_20358,0.17444471942352868
    EID_14265,0.19543740539223847
    EID_9820,0.17148373292059288
    EID_13755,0.17296338735729005
    EID_13293,0.2381509857647019
    EID_25837,0.18481368539156612
    EID_20466,0.2097882329801523
    EID_11032,0.23536304467159413
    EID_2399,0.17399854237104936
    EID_23917,0.23928247125343324
    EID_17011,0.20270055177826118
    EID_8967,0.3316867673435715
    EID_24468,0.21663070105554147
    EID_8435,0.19501209003805908
    EID_17953,0.17171494709592844
    EID_7140,0.1897678164926184
    EID_24404,0.20164062085571402
    EID_14380,0.21623088160078463
    EID_1232,0.14770364773971872
    EID_1573,0.15825259805453584
    EID_3684,0.17815796018117658
    EID_15824,0.18611195130871924
    EID_9212,0.1971677576988977
    EID_21121,0.1800902094332368
    EID_6346,0.22123618868642486
    EID_9525,0.20957303681129283
    EID_9726,0.2455270700749563
    EID_2526,0.15836467766447618
    EID_4228,0.1652554508023057
    EID_14595,0.2192860669012475
    EID_15856,0.24284970204106363
    EID_6768,0.16085871856303435
    EID_23953,0.2526730443676132
    EID_19059,0.18895976986085192
    EID_5268,0.16867917867184826
    EID_7619,0.17752832658239037
    EID_23028,0.21852866081308708
    EID_22104,0.2349792739570633
    EID_10318,0.1943235841946792
    EID_25369,0.21039571216106884
    EID_16633,0.1732769247234582
    EID_15848,0.18176448719647464
    EID_2240,0.21464213092566375
    EID_1059,0.19177282323946115
    EID_9315,0.2034443417265727
    EID_15388,0.22240301218942285
    EID_9984,0.1914661342032987
    EID_4296,0.21046748383424674
    EID_10927,0.20680764642979724
    EID_25054,0.23115210030159244
    EID_1884,0.14878890000663889
    EID_21960,0.21320903675416294
    EID_5572,0.25584994828813623
    EID_16872,0.18403545192875087
    EID_24525,0.17076670875621078
    EID_14237,0.2053744317827747
    EID_7114,0.1928865580951997
    EID_7448,0.21207305670390228
    EID_17668,0.1707693676605976
    EID_7674,0.20072203133544167
    EID_5884,0.18202878638794184
    EID_13942,0.2733562043543155
    EID_13098,0.17658856166020837
    EID_7695,0.2169484237008876
    EID_5350,0.16830675758473823
    EID_22853,0.20951795300559786
    EID_2385,0.15786420883375538
    EID_18006,0.22854701756756232
    EID_12875,0.20490548761593305
    EID_5478,0.17856727752501173
    EID_18690,0.22214112479030415
    EID_12545,0.21301443406416543
    EID_13888,0.18767127900057987
    EID_9732,0.20816636561316412
    EID_18001,0.2044426807168538
    EID_17479,0.22650715133978555
    EID_23757,0.1564837953900108
    EID_1303,0.253637848853699
    EID_5375,0.1568497219977887
    EID_5869,0.19629617724559426
    EID_8825,0.19541733052298094
    EID_22567,0.23476687529963808
    EID_16273,0.18031159980438496
    EID_20618,0.2083552661546388
    EID_3608,0.1747130676184014
    EID_8806,0.1809297859423933
    EID_23170,0.26574337858205654
    EID_12243,0.2656078834534302
    EID_20089,0.17591766051968097
    EID_16852,0.1942238712875676
    EID_18312,0.18817271457928086
    EID_14010,0.2677874733514061
    EID_14705,0.2192098951124344
    EID_20956,0.20211229456361782
    EID_18794,0.17430991125021833
    EID_1629,0.20097543252002154
    EID_25483,0.1956554666000324
    EID_4542,0.17577706777025803
    EID_10076,0.19140679154120774
    EID_9469,0.18037563350060593
    EID_25284,0.22515869583605588
    EID_11972,0.20619450192613967
    EID_1798,0.11444576367314666
    EID_21903,0.17868851655397203
    EID_20031,0.20755766274682522
    EID_20365,0.18081313173151486
    EID_9210,0.20533124892685936
    EID_19750,0.21085652484405856
    EID_4006,0.16902807389576255
    EID_24922,0.15193519315608256
    EID_4760,0.24199018828458807
    EID_11035,0.18941193020493394
    EID_21008,0.20077159781232942
    EID_23731,0.2044964892406489
    EID_21788,0.22449698070159765
    EID_5428,0.18977154371853458
    EID_14023,0.1876556108390014
    EID_2937,0.17384452875990233
    EID_16931,0.18140293869690552
    EID_18299,0.19090520883712336
    EID_6660,0.16168057876957925
    EID_23187,0.17457772906141442
    EID_14868,0.25990717674938324
    EID_23247,0.17389927017521675
    EID_15971,0.20385967789214549
    EID_7852,0.1907657782159556
    EID_7017,0.43464238265453636
    EID_7494,0.2478231584757234
    EID_18706,0.2503562377289742
    EID_22784,0.18408573730678882
    EID_10756,0.21674659558322978
    EID_6854,0.1953427649567836
    EID_12554,0.16750617262751408
    EID_1162,0.17445196555553089
    EID_19581,0.17573273753368052
    EID_2169,0.14515777488629847
    EID_25149,0.2026120841940809
    EID_22575,0.22275584873212653
    EID_2265,0.1754929396015243
    EID_19668,0.1695979169125434
    EID_19245,0.21236003787891136
    EID_8194,0.13838917648821566
    EID_8081,0.17326223634043111
    EID_8670,0.22481010369104734
    EID_7992,0.26774760482707194
    EID_6596,0.2028816490996099
    EID_3699,0.18287750124821225
    EID_9698,0.18100203384502603
    EID_1847,0.22272639719051696
    EID_16179,0.2180444022528858
    EID_23663,0.21827938359516547
    EID_24287,0.25206173354556227
    EID_3527,0.19443213941261064
    EID_18652,0.26258777983072457
    EID_24110,0.1815107187407182
    EID_21419,0.17002740671071656
    EID_12865,0.20223167241603804
    EID_9237,0.20872652194255079
    EID_20408,0.20842866169468566
    EID_22934,0.22393496634260687
    EID_6492,0.19928074651396432
    EID_20285,0.16624155284949693
    EID_1286,0.19573731932962407
    EID_12542,0.24816233740719087
    EID_5523,0.2055281402506107
    EID_1979,0.1451434539972826
    EID_23146,0.1844176483081313
    EID_4773,0.17940606762425648
    EID_8785,0.24254095696326983
    EID_4463,0.12662471549355733
    EID_24028,0.15961909992728746
    EID_20920,0.2489419513779625
    EID_21392,0.21106737002992332
    EID_4079,0.1783035027502072
    EID_5173,0.19740449379665584
    EID_22915,0.28794068514567317
    EID_18347,0.21520931900555712
    EID_7984,0.20335486487484936
    EID_25148,0.2814566504950944
    EID_4350,0.24491791620474596
    EID_6909,0.19427370973000474
    EID_10582,0.19986436490532386
    EID_6248,0.19680336382453967
    EID_10035,0.18854236267797694
    EID_24603,0.20294685275372482
    EID_1794,0.18402453156757995
    EID_9407,0.15714586289218968
    EID_2114,0.1801135702232626
    EID_21125,0.16238283613970164
    EID_15046,0.2628608885975042
    EID_8058,0.1898730112795015
    EID_1961,0.16946295596796543
    EID_23324,0.2617764734449081
    EID_21521,0.18912740430429695
    EID_11043,0.19029763642496517
    EID_6461,0.17470700924324825
    EID_10398,0.21530271995164474
    EID_20635,0.15533423349784028
    EID_22940,0.21779360913621343
    EID_8582,0.2166418766279561
    EID_12770,0.215433995143145
    EID_15982,0.21991144413167435
    EID_19692,0.18006421322503424
    EID_18304,0.2590409312132391
    EID_13603,0.19626526440260053
    EID_6145,0.14312779218235597
    EID_16587,0.2752188057530316
    EID_16835,0.20342051059029134
    EID_8399,0.16252700358258013
    EID_7012,0.20821691967501504
    EID_20575,0.21044635173454507
    EID_20747,0.16703575679746632
    EID_3907,0.2166033717702344
    EID_22626,0.17035091873500188
    EID_4442,0.1887443580456611
    EID_18034,0.18746373655332593
    EID_16055,0.24587330945804317
    EID_21684,0.17169810197321406
    EID_17499,0.20554020910112722
    EID_1222,0.21180420298414393
    EID_17204,0.28411597015991813
    EID_22732,0.18324212083404803
    EID_8539,0.1506020096328963
    EID_23136,0.19803628128268083
    EID_24470,0.20798411637985312
    EID_17404,0.17643668483390126
    EID_21498,0.17449181396955576
    EID_19495,0.19246682198630394
    EID_23966,0.1652830939706383
    EID_1388,0.164556500399394
    EID_7374,0.16364527810374846
    EID_25441,0.1752105771153207
    EID_16616,0.189070018229246
    EID_7654,0.1674143200405448
    EID_4217,0.16547145377920536
    EID_9968,0.18790667041344328
    EID_17830,0.21183221557064755
    EID_12023,0.23614851988114063
    EID_24002,0.2033711838798234
    EID_11371,0.17545251268101297
    EID_11096,0.17851230092204654
    EID_24835,0.2085989788591833
    EID_17439,0.21556928058794764
    EID_6587,0.22797665275058718
    EID_21946,0.2142669339794778
    EID_5431,0.187918257883442
    EID_4723,0.18802466319957867
    EID_11535,0.21013398783133977
    EID_2330,0.21036472767199887
    EID_23531,0.17159669207232944
    EID_8913,0.13928140683625026
    EID_21273,0.20997773647977028
    EID_11927,0.19260787079393865
    EID_1385,0.15358901202884123
    EID_15758,0.23584268356808832
    EID_1023,0.18963176115624006
    EID_8959,0.17024110851968874
    EID_12911,0.20279513763665166
    EID_15925,0.18658030023945188
    EID_17769,0.234648993956202
    EID_19842,0.19418796131242533
    EID_15875,0.15863539115343978
    EID_21284,0.22428876153737065
    EID_24825,0.21020030520495472
    EID_23825,0.2590213322860877
    EID_13001,0.19354288685730733
    EID_25601,0.2131297031934826
    EID_24670,0.21121700953897032
    EID_24412,0.2135357695703215
    EID_18712,0.20594489787616627
    EID_21138,0.18248025493979847
    EID_19335,0.16432538147947892
    EID_16753,0.1702377389080709
    EID_24399,0.12980089468098654
    EID_12567,0.19788308266840693
    EID_22161,0.20977825494122143
    EID_12609,0.15172784504769796
    EID_22249,0.15066252746525347
    EID_5314,0.19257336212753592
    EID_1897,0.19776709217030233
    EID_22507,0.19437442707533834
    EID_2878,0.18670346360896992
    EID_10098,0.15733929764404564
    EID_18435,0.24717148735375016
    EID_8063,0.16747069996155714
    EID_3512,0.1764787215371646
    EID_24444,0.262873212797639
    EID_9813,0.22915089531391436
    EID_25132,0.18210967600031566
    EID_5613,0.18251940902945615
    EID_14062,0.18666373640654238
    EID_20073,0.22952970221083566
    EID_12506,0.23181958539218836
    EID_1092,0.2349111190903453
    EID_15895,0.21176728333324404
    EID_1039,0.20528981034326566
    EID_22016,0.17964372256553243
    EID_6764,0.16557006069843727
    EID_17384,0.2046878334778466
    EID_8705,0.19249359941584115
    EID_14832,0.17944392180958904
    EID_16473,0.18016412989952482
    EID_11186,0.21399694927986307
    EID_7476,0.1968881511953484
    EID_19671,0.19386732732437975
    EID_14001,0.20957844950793436
    EID_10658,0.19603196138160406
    EID_6668,0.19175913402406747
    EID_13786,0.24359571271801714
    EID_11224,0.21851744433615464
    EID_13296,0.18185519387947016
    EID_22145,0.15378910002110127
    EID_6494,0.14207032761130256
    EID_1649,0.18431546678336827
    EID_20878,0.1942555813202854
    EID_3790,0.16994389171910274
    EID_9257,0.18365652265628046
    EID_14917,0.2521217494029042
    EID_22052,0.24169360448989688
    EID_1198,0.13388709703908908
    EID_8478,0.18946133977759633
    EID_2071,0.27935371132755416
    EID_1250,0.21375709867662349
    EID_9000,0.16124468688204074
    EID_17319,0.21988657737904124
    EID_21794,0.23578395390709955
    EID_23350,0.2704631581490778
    EID_16278,0.21477449030163975
    EID_3330,0.13702410772569798
    EID_12584,0.24199491578842974
    EID_9354,0.19741648798576314
    EID_15007,0.21351177619785736
    EID_11656,0.1980859311058826
    EID_22526,0.19540480247701153
    EID_11027,0.16335300641005018
    EID_21588,0.23866019460670793
    EID_13717,0.21222027855988745
    EID_8073,0.15561025223067265
    EID_15972,0.2205615510140395
    EID_5730,0.18959853320117195
    EID_23968,0.22172834747914744
    EID_4299,0.18133526268088057
    EID_6302,0.17257750453980558
    EID_6974,0.21268491468799602
    EID_4829,0.16575724859937357
    EID_21139,0.2763582812648037
    EID_23456,0.21158368997526447
    EID_20110,0.1649032981773195
    EID_20342,0.19558558600022144
    EID_15238,0.2088465243362138
    EID_10349,0.1820760571787727
    EID_10077,0.184955825018785
    EID_22330,0.16094178017571248
    EID_4368,0.22334350082901097
    EID_8859,0.1805966228042272
    EID_24277,0.2272762588329851
    EID_1061,0.16421245627817632
    EID_5597,0.20606659591840842
    EID_4820,0.2371463206092327
    EID_5863,0.17859032416680168
    EID_23680,0.19006612398800396
    EID_5542,0.13729514323849076
    EID_6203,0.1660698231516408
    EID_5355,0.22205608122003584
    EID_19669,0.24391015809541994
    EID_21725,0.1624932988420721
    EID_2138,0.1988712380303888
    EID_24278,0.2899543660929325
    EID_6591,0.16130521296036715
    EID_21056,0.24243600810451188
    EID_18759,0.15663265556887981
    EID_12059,0.21190716611056032
    EID_11077,0.19539120983400257
    EID_17216,0.23357152699159778
    EID_15655,0.21124850911286114
    EID_19017,0.2219426225699812
    EID_17846,0.2253744645833466
    EID_6418,0.19313910972373777
    EID_25942,0.22441424310781943
    EID_5420,0.2163467133174187
    EID_11764,0.2072230907058822
    EID_16483,0.29604043595976126
    EID_1901,0.1581076419582396
    EID_21480,0.18927794944360957
    EID_8006,0.1968197296614289
    EID_1282,0.15770097155872345
    EID_6895,0.19914845900710304
    EID_13677,0.2059295748432675
    EID_6071,0.17545773461449193
    EID_14425,0.25144234276103045
    EID_22685,0.1780830211420467
    EID_20203,0.18486123425439516
    EID_19161,0.22035746805066375
    EID_1947,0.17208099012621442
    EID_16574,0.16791235685911185
    EID_2561,0.20062231926361754
    EID_20668,0.22948734352334235
    EID_7831,0.19085635595432174
    EID_8769,0.15860972301529863
    EID_25191,0.21480287493427652
    EID_15590,0.21847871237730518
    EID_12458,0.19483044649518816
    EID_11406,0.15977958393767644
    EID_17629,0.22524592038419894
    EID_4632,0.10360994087346237
    EID_18455,0.17893936442178437
    EID_23077,0.23345049050120362
    EID_25024,0.20242570668691584
    EID_6269,0.17020454868317667
    EID_12100,0.2438381072758594
    EID_23190,0.13554637259466418
    EID_9030,0.1563574481001196
    EID_12359,0.16994866070936715
    EID_12041,0.1704720163359876
    EID_2019,0.1763342431887439
    EID_22974,0.17297064796913408
    EID_10351,0.13063855748329287
    EID_23630,0.1845250172345346
    EID_7309,0.20940012492348742
    EID_19821,0.250039939474251
    EID_4033,0.21119415634723793
    EID_3435,0.1699167543513571
    EID_5759,0.16782993415873268
    EID_12826,0.19390626122020804
    EID_8148,0.2231800136324218
    EID_16088,0.19731120170330546
    EID_15783,0.2525670001903098
    EID_19521,0.20279106922068701
    EID_13016,0.22051781688527217
    EID_13708,0.1944047023512754
    EID_4237,0.22119643467883585
    EID_3620,0.1549945545457499
    EID_10042,0.2269286218428694
    EID_8833,0.17154949685412618
    EID_21028,0.20726007356481937
    EID_3485,0.1591080314420109
    EID_23372,0.23695234799774487
    EID_19410,0.2394797125432443
    EID_6598,0.20603166759290967
    EID_25371,0.17833619894651656
    EID_19483,0.25125363050389415
    EID_22826,0.16191396845975267
    EID_23606,0.16257723765957208
    EID_9346,0.18442370137889852
    EID_1608,0.16506790440349686
    EID_1603,0.12439138906103275
    EID_23041,0.1553947889651456
    EID_7801,0.23602616690239495
    EID_22456,0.19451757923711566
    EID_24428,0.25944653274795837
    EID_10811,0.16593553016606405
    EID_24566,0.20292738485931133
    EID_2531,0.20359691301680324
    EID_10878,0.15794479927275573
    EID_19548,0.18956278569290444
    EID_11988,0.19552207832917767
    EID_11378,0.1839734599423908
    EID_9896,0.17352745557246285
    EID_17323,0.21659638666731104
    EID_24976,0.18887679548891964
    EID_11249,0.2383581659879109
    EID_20395,0.16035568399992575
    EID_18262,0.19027931745002266
    EID_14670,0.2580583378590373
    EID_12880,0.20627503735095123
    EID_1406,0.16041911633312053
    EID_23014,0.19258616692471384
    EID_5224,0.19814644387123248
    EID_3232,0.17810255625176832
    EID_22327,0.19121679925666887
    EID_2285,0.18957653460916854
    EID_20468,0.20093997037246428
    EID_4443,0.16003443988176627
    EID_15641,0.19518087052487892
    EID_8106,0.22130229361887482
    EID_13958,0.22368504287777058
    EID_10214,0.20504803945976266
    EID_17739,0.2216843100956048
    EID_13347,0.22346423110305552
    EID_23453,0.1890150106519399
    EID_1477,0.21841424330461537
    EID_20224,0.24769975738059768
    EID_2362,0.22530230727313474
    EID_21421,0.2408782609379512
    EID_7860,0.19187026019620043
    EID_10286,0.19123782233900122
    EID_7184,0.1437964003330708
    EID_21742,0.17279249938556152
    EID_21610,0.21073980210758467
    EID_19375,0.2331424102071747
    EID_18564,0.1813382556584195
    EID_19108,0.22666794582235034
    EID_17928,0.19358686550337384
    EID_25613,0.22002206352015613
    EID_23787,0.3042927796774992
    EID_2392,0.20769446654117088
    EID_7574,0.17652877681018328
    EID_9810,0.1422703752294543
    EID_14332,0.23916218268758999
    EID_20937,0.19959567743889886
    EID_7827,0.1764991222498626
    EID_7457,0.2431298210782454
    EID_11152,0.18077689862872007
    EID_12917,0.2071561552126626
    EID_18590,0.23038605191115166
    EID_15327,0.19173853847279668
    EID_11687,0.18617357572872187
    EID_5179,0.15795936133283073
    EID_5623,0.23225038873859602
    EID_25331,0.244046418796238
    EID_24386,0.26265644771161856
    EID_6507,0.23312393160613892
    EID_7842,0.18045807199908492
    EID_12018,0.213496750441863
    EID_6640,0.20057305753979443
    EID_9872,0.2141995518523337
    EID_2331,0.15762291677582835
    EID_19685,0.19250777376042827
    EID_25701,0.18237236811365126
    EID_25681,0.19039565436696834
    EID_20151,0.1908162711795498
    EID_8980,0.20271015620755584
    EID_12719,0.20827084037129115
    EID_20075,0.229505629242436
    EID_14984,0.18926902701042134
    EID_8177,0.1652106337023445
    EID_1360,0.18058310163157007
    EID_24812,0.1789623218189495
    EID_8480,0.21608671016904912
    EID_14567,0.15735709400083012
    EID_16194,0.20592043080654654
    EID_10020,0.2065288148706152
    EID_7321,0.21939838871295214
    EID_15387,0.20116073197651366
    EID_19419,0.20921140393545226
    EID_20496,0.17573687237606933
    EID_1308,0.2325446565592675
    EID_14770,0.2391428781018904
    EID_21893,0.16563020930106287
    EID_10990,0.18537342634423762
    EID_17521,0.22597215631155462
    EID_15274,0.21854058432024145
    EID_24001,0.22206719513304005
    EID_4111,0.17845930824678616
    EID_4284,0.15176933765714515
    EID_19682,0.2153596982333007
    EID_14871,0.18151152993428143
    EID_18152,0.21530941448723642
    EID_12520,0.17589572149667612
    EID_4739,0.15617782134106
    EID_8424,0.18285360631769262
    EID_23600,0.2098574986958194
    EID_25891,0.2571990446397281
    EID_11618,0.15309133988916607
    EID_12674,0.1739788953007785
    EID_5999,0.19499117214033174
    EID_18063,0.16324754430854493
    EID_14859,0.2090146417767686
    EID_20353,0.26937306194119814
    EID_22962,0.21134370058105575
    EID_19650,0.18100857857047828
    EID_6108,0.20680999312540269
    EID_19012,0.20134365723187603
    EID_22925,0.18984162073375332
    EID_15619,0.23101535502487508
    EID_19998,0.2685790305737973
    EID_20052,0.18154302346976836
    EID_25044,0.2204985345767529
    EID_5422,0.1857556510195091
    EID_15354,0.26014864554504324
    EID_3804,0.13284211590326414
    EID_23277,0.24930809351152813
    EID_12336,0.18073457938403975
    EID_24839,0.22580802631447028
    EID_1651,0.177526320277128
    EID_24355,0.1671358405789398
    EID_24276,0.2015585134461504
    EID_10346,0.1564463852558249
    EID_9579,0.1864015194364582
    EID_23242,0.18633519250349084
    EID_23541,0.26882340008660877
    EID_14741,0.15972445564274956
    EID_7783,0.1571577815518248
    EID_12569,0.2500079932266906
    EID_3834,0.144866150356035
    EID_6799,0.2341597888158787
    EID_15609,0.19801476678385954
    EID_5496,0.1787967124922709
    EID_5080,0.16770867359602987
    EID_14834,0.21870601622456373
    EID_18266,0.17307159125140242
    EID_1182,0.1575555404487515
    EID_6445,0.16530116265595682
    EID_18656,0.16873692601161064
    EID_24011,0.17451925289039627
    EID_25093,0.24711456106925644
    EID_11334,0.1687589087283214
    EID_15785,0.18400595477964063
    EID_8060,0.20342627641654215
    EID_4349,0.15629810231292535
    EID_22525,0.21035528821447402
    EID_1231,0.16797147478071184
    EID_2127,0.1740532540280947
    EID_4047,0.15697150342179794
    EID_12989,0.17115877755710965
    EID_17726,0.23437097784902036
    EID_1602,0.22412453326181012
    EID_5945,0.14846804636152144
    EID_15166,0.19754447526251434
    EID_25317,0.2233737149193396
    EID_18848,0.179753687088675
    EID_14455,0.19860383232806764
    EID_9724,0.209181147127276
    EID_22697,0.15156497095695168
    EID_16505,0.17111872869888525
    EID_11616,0.22774865800661806
    EID_10352,0.18139321534832847
    EID_24093,0.22413733754071774
    EID_11826,0.2072866342022355
    EID_24211,0.1767687097796169
    EID_14709,0.21571652926930657
    EID_18747,0.20065554831339044
    EID_16077,0.15454801029509405
    EID_15440,0.20544128120738495
    EID_4935,0.1523580329650237
    EID_13791,0.1622158801269026
    EID_16876,0.19017014535155718
    EID_1335,0.15982645179200414
    EID_19086,0.26413207717766085
    EID_12872,0.16558321505982918
    EID_11623,0.16330936184468584
    EID_7807,0.16767219845020004
    EID_9605,0.17521671046362125
    EID_12736,0.17859561539338353
    EID_20565,0.18014183802003622
    EID_17225,0.1949758734580543
    EID_19974,0.21786116822600468
    EID_16045,0.22800051670098043
    EID_2082,0.16538255572345884
    EID_22219,0.22850630335862757
    EID_19439,0.17941206608067595
    EID_2979,0.1356792110215607
    EID_24414,0.26640918493420146
    EID_15148,0.2661427315273367
    EID_10690,0.19077066039880972
    EID_16346,0.2123448012104623
    EID_22752,0.2269131324794017
    EID_21746,0.1896898972533006
    EID_1705,0.1633394318915036
    EID_7498,0.16687777432976608
    EID_6874,0.22539017582285295
    EID_4543,0.21775454445433085
    EID_8931,0.18187526547957406
    EID_16435,0.19050168804225387
    EID_16767,0.2100536114237801
    EID_3058,0.160914842959842
    EID_16381,0.18240387209182338
    EID_17190,0.15514091899820986
    EID_7079,0.16501942553822982
    EID_10191,0.18007641551845996
    EID_1378,0.18684850285580312
    EID_20222,0.18547737688062926
    EID_6156,0.23860453981780175
    EID_5975,0.15696322911367416
    EID_18682,0.206898595257748
    EID_8837,0.13867872770561007
    EID_24686,0.21018434553211332
    EID_9869,0.21478224904650128
    EID_14673,0.26400292358908667
    EID_14443,0.20035946095489346
    EID_21591,0.22672505436185017
    EID_25240,0.21417463656952657
    EID_18365,0.23508367105118885
    EID_9260,0.2037805227161955
    EID_10696,0.17069918484706217
    EID_18012,0.22166244356135523
    EID_17421,0.22408024423813597
    EID_23615,0.1779780733164075
    EID_14132,0.159074185055682
    EID_13168,0.21214098960727212
    EID_16973,0.1769342854957783
    EID_13426,0.17360022312207085
    EID_1493,0.18977591118729525
    EID_3994,0.18920133779753434
    EID_10574,0.15886736068524798
    EID_12394,0.18920223612020837
    EID_4781,0.17155170289894622
    EID_24911,0.28228821252507585
    EID_3205,0.13496801835608743
    EID_25568,0.2260688121080105
    EID_4343,0.16765430871182557
    EID_4330,0.15567998114434065
    EID_12518,0.2464351556750358
    EID_18426,0.20691234940269465
    EID_3862,0.1690373980168564
    EID_13478,0.17640721346861715
    EID_5607,0.18869443255187796
    EID_22353,0.1843010461189509
    EID_18346,0.22924171297297743
    EID_5978,0.20350381286157232
    EID_3391,0.21588194448749376
    EID_8525,0.1783717822676419
    EID_5245,0.12946812406634753
    EID_11791,0.16835055920813918
    EID_22913,0.16890812805820965
    EID_15587,0.20064329071856912
    EID_4851,0.20082622556446317
    EID_3432,0.14101364604946476
    EID_13090,0.17628358022007168
    EID_15117,0.2247001708377154
    EID_22004,0.20954124187117085
    EID_16053,0.21647206627608065
    EID_16458,0.19986457528002302
    EID_8021,0.16124533282915426
    EID_24385,0.16561507746958937
    EID_7053,0.21399912393328505
    EID_13544,0.1908657201081088
    EID_9014,0.19164398916778153
    EID_9246,0.15851164581191773
    EID_15642,0.2691766444571865
    EID_12295,0.18548057608547974
    EID_7925,0.16670536490613558
    EID_18473,0.24105240164811892
    EID_19427,0.17965318610402609
    EID_17027,0.2104786785439073
    EID_22093,0.21698913378352963
    EID_25611,0.16226455353921979
    EID_20490,0.21886420227314893
    EID_4204,0.1771771029022999
    EID_2604,0.17941205060809032
    EID_16152,0.18203137336623398
    EID_8563,0.1849794819548607
    EID_18620,0.18607323345310367
    EID_11012,0.21111142204705372
    EID_19598,0.23410063520032687
    EID_13159,0.15124963924026144
    EID_13171,0.17791929163024559
    EID_8374,0.13876765077281036
    EID_9838,0.21900954504030046
    EID_18489,0.21711876873720137
    EID_17451,0.20883499362243665
    EID_7269,0.16136664186510583
    EID_20548,0.19459776118936878
    EID_9466,0.16810274143630496
    EID_16085,0.21610504348257065
    EID_24082,0.19314997879644583
    EID_5078,0.17956593204064616
    EID_23951,0.22785171044136138
    EID_8327,0.15947104628771597
    EID_5904,0.1788688028043598
    EID_11085,0.17221330103427443
    EID_21437,0.18520650064922564
    EID_7471,0.18552061484785387
    EID_12046,0.20712180304429054
    EID_18653,0.19905982134677971
    EID_14175,0.20415033412489944
    EID_5514,0.15095065064468488
    EID_20148,0.16118581516173688
    EID_14260,0.21423908733197003
    EID_15574,0.1638780557042766
    EID_7287,0.16644194551293395
    EID_18889,0.1914605517338263
    EID_13106,0.1831164675692009
    EID_15448,0.2197385528814574
    EID_25897,0.2251801603361456
    EID_23758,0.2868872889100228
    EID_23208,0.22378505709743465
    EID_13646,0.16036385614336626
    EID_5467,0.22316266816992966
    EID_6022,0.1772295499691885
    EID_10923,0.19295974711368655
    EID_10408,0.1900961203586431
    EID_4186,0.15079570287971508
    EID_22022,0.17709065519644565
    EID_16390,0.23203877786892804
    EID_19493,0.21392988494269646
    EID_12519,0.23256690318911163
    EID_23549,0.20223224140911897
    EID_17612,0.21907335402004652
    EID_25007,0.18829331270087926
    EID_1949,0.1328254151693957
    EID_23313,0.16063276829378878
    EID_22516,0.18309101511989556
    EID_21836,0.17497196794849132
    EID_7268,0.20398118899422488
    EID_8202,0.19405803119830603
    EID_6613,0.2680818210778274
    EID_2596,0.21951614897340563
    EID_19849,0.19681136187673437
    EID_11546,0.21219155308135276
    EID_3942,0.1954312740187312
    EID_7899,0.2526401554758745
    EID_4802,0.1699019446353681
    EID_6725,0.17807117799402483
    EID_3835,0.1425984115311236
    EID_9511,0.17327314422002316
    EID_5757,0.19892813493493275
    EID_24838,0.21960740286140665
    EID_15225,0.2070574704306385
    EID_8238,0.13903678617305698
    EID_2826,0.16775427125389172
    EID_20774,0.1749237083661319
    EID_19311,0.17700061003260287
    EID_12339,0.1804520491971256
    EID_1583,0.14945018909838967
    EID_1033,0.16261068871864115
    EID_10764,0.1584978301334506
    EID_17203,0.20417945574884766
    EID_1345,0.17248002398773282
    EID_4951,0.19145078057847342
    EID_16956,0.17131893719806182
    EID_9203,0.16748005338804747
    EID_7021,0.19444579431566683
    EID_8707,0.19017368591493553
    EID_5209,0.17940805100892224
    EID_20428,0.18767504249540531
    EID_10913,0.20216070492422733
    EID_11507,0.21376322557081667
    EID_3693,0.17547808113141347
    EID_22857,0.2779929308288541
    EID_18744,0.25773185122263265
    EID_19600,0.18719715776856988
    EID_21336,0.18629401159882947
    EID_17676,0.20552531591593295
    EID_1678,0.1859350082288008
    EID_4889,0.193982584547927
    EID_9961,0.16053894416740327
    EID_23386,0.22355693898382178
    EID_19835,0.19796092688024738
    EID_9519,0.13144574638370268
    EID_5449,0.16855999839865612
    EID_20640,0.17440991000829337
    EID_16387,0.18966248049950954
    EID_20293,0.19092701357930644
    EID_2296,0.20703607741271254
    EID_11827,0.18955084012098972
    EID_21522,0.19096702439594748
    EID_2767,0.20066796540598086
    EID_2873,0.15396538043325828
    EID_2603,0.1582109094791696
    EID_2674,0.16169094091383338
    EID_23682,0.21219950697576084
    EID_13310,0.1959721973387118
    EID_6523,0.1673348722831905
    EID_13056,0.2172839493918766
    EID_7244,0.18366888897588385
    EID_1072,0.19933259313903653
    EID_25833,0.23078910853439635
    EID_11244,0.1747860691009412
    EID_22918,0.17975016585314882
    EID_16735,0.24485197707791498
    EID_4201,0.1636935173203089
    EID_5998,0.13314176776165934
    EID_19254,0.22331595455761963
    EID_16653,0.2132718047024705
    EID_11729,0.2050941412172656
    EID_19573,0.19614662557921833
    EID_21463,0.18694189864572214
    EID_5899,0.1538091573290438
    EID_23613,0.3115106082230644
    EID_8609,0.22833991438530646
    EID_2660,0.16405243483538579
    EID_1333,0.1727536764952609
    EID_3212,0.15192900825183497
    EID_7830,0.17097212336639922
    EID_4372,0.20441106557648964
    EID_15955,0.18398550271631584
    EID_22059,0.14980514294725505
    EID_22804,0.22697223379174658
    EID_4700,0.18261849960545304
    EID_14401,0.22295750797317337
    EID_19971,0.19834342238860883
    EID_10684,0.20182724729930426
    EID_21512,0.2323951516846895
    EID_16722,0.18219985411701645
    EID_16012,0.24111604762144026
    EID_19093,0.20713127482785934
    EID_25636,0.24381377778542507
    EID_10567,0.21382228957464477
    EID_11601,0.20123701132304705
    EID_25697,0.2824831580756048
    EID_22131,0.197996281297892
    EID_8511,0.18056429765467194
    EID_18114,0.21007382570473215
    EID_12784,0.2079858246883319
    EID_12820,0.19310950190476323
    EID_4512,0.18733906527870897
    EID_5837,0.1443505685451314
    EID_12564,0.2502168253452479
    EID_16737,0.21490829294012323
    EID_25986,0.27020598011571784
    EID_8729,0.22898414234072662
    EID_4386,0.1438869213515788
    EID_5223,0.1640651234208381
    EID_1494,0.15034813027685165
    EID_22699,0.19212331657963552
    EID_1083,0.15370748313973792
    EID_1329,0.14567337551908777
    EID_3550,0.21280504190545027
    EID_18845,0.18455289891384943
    EID_17946,0.20983167522868326
    EID_1712,0.15275107284337608
    EID_12024,0.20454572024330825
    EID_2974,0.19406067519605844
    EID_12806,0.2501734055914609
    EID_10396,0.1937981724607251
    EID_3998,0.2408384736027231
    EID_22451,0.19106891526479206
    EID_12242,0.1886497441003335
    EID_18599,0.22290985084274167
    EID_9423,0.16436309107119068
    EID_25347,0.20282409775870253
    EID_20183,0.2460886149663934
    EID_18079,0.21571050771085484
    EID_10059,0.19678396482835908
    EID_1322,0.14324415508095054
    EID_18109,0.222558353212111
    EID_7325,0.15987333090298114
    EID_6000,0.19838221922749355
    EID_10760,0.23333935595258548
    EID_24380,0.16421507884376146
    EID_7070,0.17419368029752322
    EID_2796,0.15120407960283114
    EID_18860,0.16819257046469627
    EID_13597,0.20746121361453307
    EID_6858,0.18650751111231745
    EID_14987,0.1989127457622371
    EID_8902,0.20999609921556395
    EID_9453,0.17956345800681456
    EID_20605,0.21981012800260952
    EID_16020,0.1622469486517948
    EID_6335,0.59808634141298
    EID_1317,0.14496833155452668
    EID_5575,0.15990072896303203
    EID_17433,0.18946065501913906
    EID_6238,0.14789085664272972
    EID_10734,0.18201730412474776
    EID_7661,0.17698999281540667
    EID_9281,0.14883321429140603
    EID_19259,0.2297541054750422
    EID_9544,0.17344826033594407
    EID_2572,0.16098320000898758
    EID_12706,0.17919877489811212
    EID_20500,0.22150200612617882
    EID_19258,0.24291301620044586
    EID_15915,0.19256559361745162
    EID_25265,0.21058028464204934
    EID_16567,0.1992527659969714
    EID_19553,0.23477333738270115
    EID_25403,0.19663856963506265
    EID_10354,0.16003632812988577
    EID_19522,0.20973361922342898
    EID_20132,0.1580988344160953
    EID_3363,0.14215252554232133
    EID_15253,0.25477148754018497
    EID_8368,0.200552688827737
    EID_3883,0.1710908501493633
    EID_7323,0.1898512258752002
    EID_16203,0.21142224121510023
    EID_9080,0.17640941891003567
    EID_12266,0.1991308994146601
    EID_13777,0.18576542240049726
    EID_24876,0.2075602776425049
    EID_11961,0.23066478840753954
    EID_25871,0.19498185203115453
    EID_3563,0.20559631173214268
    EID_3377,0.20610181390289514
    EID_19924,0.18042801280753998
    EID_4070,0.14256214604233494
    EID_7727,0.22251393406580908
    EID_2253,0.15307176519555277
    EID_5056,0.1622437594877115
    EID_16751,0.30782461399914285
    EID_2105,0.14410780317028835
    EID_14078,0.20315108128710016
    EID_18779,0.2167768518095348
    EID_2218,0.27865442600516854
    EID_6130,0.18640380958753128
    EID_21722,0.17240357066074957
    EID_17748,0.22746727825116694
    EID_21322,0.1884771266909693
    EID_6016,0.2030539860760498
    EID_20480,0.26375521405643565
    EID_18843,0.18678660040550807
    EID_7336,0.2101196380903642
    EID_4455,0.1810977621577749
    EID_15206,0.23747266554415603
    EID_15582,0.25134470229317196
    EID_22381,0.2269565223874134
    EID_22606,0.1336122070162192
    EID_12159,0.22206771694226893
    EID_10027,0.19860588024556658
    EID_4107,0.19907236485104826
    EID_18932,0.23783484279252098
    EID_1321,0.169109294878737
    EID_7759,0.15830594031933434
    EID_21961,0.18172599997477373
    EID_15289,0.21536896722946408
    EID_23069,0.19725594592378284
    EID_17187,0.17117094260454574
    EID_25372,0.18182755182258906
    EID_9787,0.18639060666905582
    EID_9797,0.19659285669995183
    EID_10831,0.21268560669424175
    EID_24620,0.2612988328532714
    EID_8715,0.1839816129050217
    EID_13459,0.1975552812498041
    EID_14031,0.19808929193976277
    EID_14541,0.17759045704120452
    EID_12395,0.15944227113812304
    EID_7150,0.14641847087079407
    EID_14422,0.20514452656245583
    EID_19060,0.18627553782566406
    EID_9338,0.2290376055988996
    EID_21042,0.19453557486523962
    EID_8011,0.15865191362213915
    EID_8102,0.1863877274955258
    EID_11068,0.19712262351547868
    EID_15461,0.20564113566543948
    EID_18509,0.22989626478966615
    EID_5796,0.19956584795300625
    EID_19905,0.18986108997895196
    EID_21609,0.2373931235423906
    EID_14873,0.16222008899407164
    EID_8033,0.17770302413604325
    EID_21354,0.2091088198462408
    EID_16377,0.21213410795635199
    EID_10566,0.19645475518836922
    EID_4791,0.1698800193972518
    EID_20944,0.26440231271335346
    EID_24913,0.20407822902683123
    EID_3868,0.18303716669509412
    EID_10611,0.20617390141900063
    EID_21702,0.23642899985449706
    EID_9472,0.21124729459490318
    EID_10746,0.17216019652060713
    EID_17717,0.21220281428329751
    EID_18535,0.20673103493028425
    EID_23706,0.22522939567722178
    EID_7039,0.15896948432110977
    EID_23797,0.1882588849456033
    EID_1574,0.14747496022111706
    EID_5931,0.21128210218632737
    EID_6468,0.20105875498465967
    EID_15805,0.18460518782156915
    EID_2988,0.1442693296916873
    EID_21966,0.16270767927473123
    EID_16571,0.17464146402954783
    EID_10082,0.1816792118768893
    EID_8359,0.19406995813174452
    EID_3200,0.18710226414926115
    EID_2206,0.20576488987366873
    EID_14234,0.17824547402291246
    EID_12498,0.19353314906892508
    EID_12009,0.22752549103126246
    EID_12486,0.1852116770441418
    EID_2679,0.16222433216885115
    EID_25329,0.2702269845657872
    EID_18268,0.21302625503556533
    EID_18253,0.1528929757216757
    EID_11915,0.2199355642310125
    EID_2503,0.18929354559792066
    EID_22110,0.1759522067568851
    EID_9344,0.19603401141050308
    EID_17568,0.1541806809595599
    EID_1445,0.173445241432394
    EID_12971,0.18560466106810855
    EID_14129,0.15668962531642397
    EID_22888,0.199326251384241
    EID_17510,0.21342480862663965
    EID_11722,0.2869864609951265
    EID_18542,0.17782786237624448
    EID_13158,0.18357703724494862
    EID_2810,0.1541391316617628
    EID_16559,0.22404638044903538
    EID_1124,0.20237485017536092
    EID_2137,0.16870923597292845
    EID_13145,0.1692224474734074
    EID_14181,0.17305559437025667
    EID_24695,0.15597754955348714
    EID_21367,0.19028170796253616
    EID_13213,0.187682300519734
    EID_15852,0.1550702882914878
    EID_9531,0.19720207388912334
    EID_6197,0.2276550561754292
    EID_20012,0.171309873009808
    EID_10381,0.1699194273433834
    EID_9136,0.14043805813711738
    EID_12063,0.2040162432022321
    EID_22318,0.22740225803035435
    EID_24047,0.17311025626056156
    EID_5834,0.16419972984797473
    EID_4763,0.15354497889698995
    EID_24096,0.25027586858853257
    EID_13825,0.22756993317771806
    EID_14326,0.17692217766577398
    EID_10111,0.21231657906201407
    EID_23362,0.20412356636957618
    EID_8682,0.21749438428472523
    EID_18727,0.17695979264745376
    EID_20725,0.18004511907488993
    EID_15976,0.21948318285600482
    EID_17626,0.19922125477004257
    EID_13302,0.1715696815580917
    EID_11333,0.195381924770901
    EID_12305,0.19208432192359903
    EID_4987,0.15302096171122553
    EID_12132,0.21669228535006219
    EID_14163,0.17556001514560288
    EID_15666,0.21104686848502874
    EID_19257,0.18421761137484371
    EID_1591,0.14270094784200738
    EID_5610,0.1864935680767854
    EID_4835,0.1390545365253408
    EID_5060,0.17400452953281184
    EID_15897,0.16813689471165133
    EID_9771,0.23166803022171972
    EID_11486,0.21516941944559762
    EID_14583,0.20499210979971438
    EID_17832,0.1660335393819962
    EID_6876,0.20208526227434453
    EID_18560,0.20553175407135443
    EID_1091,0.21733212065359864
    EID_3837,0.16044158626536298
    EID_8508,0.19189217095588265
    EID_23640,0.18875354417675239
    EID_13280,0.18559482066626443
    EID_3352,0.19297510015870165
    EID_13404,0.18842607687577567
    EID_23565,0.22948319176739965
    EID_24526,0.23375891181707936
    EID_9254,0.16032949322918924
    EID_8916,0.15441703284076763
    EID_15227,0.1621863105834698
    EID_11672,0.19280536238475374
    EID_8926,0.15366732417251977
    EID_25125,0.17995988271471572
    EID_3170,0.1645183935325648
    EID_24612,0.14146991097418474
    EID_23932,0.24564988350556047
    EID_11554,0.2001947748781681
    EID_19854,0.21778746026052775
    EID_16362,0.2178466874364777
    EID_13195,0.16924851132774651
    EID_25559,0.21958479763301827
    EID_18526,0.24014140894815367
    EID_23226,0.18510571972841783
    EID_5873,0.17053506527715084
    EID_11286,0.18650389829663075
    EID_7573,0.22947018588786194
    EID_11669,0.203845167003457
    EID_12639,0.20022015646068175
    EID_12309,0.20559351813768473
    EID_17566,0.18027171876740938
    EID_3644,0.2201854981840094
    EID_9921,0.17984256887428468
    EID_14703,0.18481792417187526
    EID_19366,0.18975479714509438
    EID_12449,0.20667448869947933
    EID_24591,0.22564347503645454
    EID_4698,0.19800901802421644
    EID_17657,0.2230716891126732
    EID_24446,0.2385450970289501
    EID_18528,0.18404948271493884
    EID_8868,0.22587164043501903
    EID_5820,0.1959638985354668
    EID_24215,0.23517853303075978
    EID_19176,0.23996560279328705
    EID_6578,0.1937539863339907
    EID_9672,0.15654631970962615
    EID_10702,0.1839088524738877
    EID_4741,0.26116625051594483
    EID_24067,0.1712981808436686
    EID_2416,0.15001701933955183
    EID_12089,0.1958103523912194
    EID_8392,0.1865359683499212
    EID_16766,0.21452526224655746
    EID_23137,0.17776602843587952
    EID_24704,0.2551035059026385
    EID_13184,0.19170337947467816
    EID_21642,0.23116718210053275
    EID_8050,0.19502341463770545
    EID_20432,0.18432856516402724
    EID_14456,0.2058327318364358
    EID_7769,0.20833947526164157
    EID_14077,0.16758451309435457
    EID_17805,0.16218174605416502
    EID_14927,0.19169716307789295
    EID_7995,0.16993246043472346
    EID_2297,0.17499370987921697
    EID_7960,0.19394421286975955
    EID_9481,0.1970780170578169
    EID_2781,0.15953750427089705
    EID_25571,0.22516616679475987
    EID_12462,0.2033223945296141
    EID_17761,0.19524458304718964
    EID_22310,0.2696996629784688
    EID_15161,0.16341602120215928
    EID_3361,0.15933487393453338
    EID_2166,0.16052450655829392
    EID_1515,0.2105809657051911
    EID_13787,0.2192573341784711
    EID_23496,0.1822097019043328
    EID_7820,0.1685790721509024
    EID_14433,0.2118590065685682
    EID_9405,0.1810087778265752
    EID_4195,0.1731227491470306
    EID_24190,0.2035526694836338
    EID_20400,0.24785258511462194
    EID_16111,0.2097692971394561
    EID_5502,0.1789582934566215
    EID_17381,0.22773258920143027
    EID_22435,0.13569427489744246
    EID_3060,0.21974889256183397
    EID_19197,0.1944818872223251
    EID_13311,0.21171719513077725
    EID_14282,0.1956303656072343
    EID_5849,0.1776791021149556
    EID_19845,0.2008477131783318
    EID_6965,0.16260240365753825
    EID_5048,0.18604427154139572
    EID_13766,0.18092315173111312
    EID_22269,0.25920978161229424
    EID_4363,0.17718924106799128
    EID_12215,0.23893368368344506
    EID_14479,0.2002599683113192
    EID_7348,0.16969065668263839
    EID_25664,0.21196413855030916
    EID_4940,0.19432540634008186
    EID_6877,0.23191091886112114
    EID_8337,0.19706892678618776
    EID_1775,0.16959095452393227
    EID_13938,0.17894599959835072
    EID_12735,0.1761401668651132
    EID_16138,0.1600337162410036
    EID_18586,0.16618116118179857
    EID_16650,0.14925219595731737
    EID_18259,0.18158715510330528
    EID_19144,0.16149335939615503
    EID_4483,0.1571116867854717
    EID_10929,0.17820913865518392
    EID_19882,0.17399570473149328
    EID_3779,0.16864393129908395
    EID_18678,0.17105347269968973
    EID_7168,0.21722927129717434
    EID_23279,0.26849595731372156
    EID_17008,0.18918191971833037
    EID_2795,0.18448878651232598
    EID_1833,0.15185843435606777
    EID_21026,0.1975113637419559
    EID_20322,0.20348169220720333
    EID_10026,0.2676118944856991
    EID_7742,0.18914111411596116
    EID_21792,0.25031321773439397
    EID_14341,0.23702089798774398
    EID_24634,0.17836840823067632
    EID_3379,0.18666716943035308
    EID_20627,0.18017014207053558
    EID_8572,0.14850348063737104
    EID_15104,0.16446559806681849
    EID_12426,0.2464967431428494
    EID_17588,0.22687814172753518
    EID_20961,0.18407237742782004
    EID_23260,0.17815878762383638
    EID_7213,0.16327160741319957
    EID_11851,0.2323278291264777
    EID_5696,0.15844948106576934
    EID_23011,0.21799952457907004
    EID_2035,0.13074765985359182
    EID_22461,0.20373987770747057
    EID_23215,0.24641527928376297
    EID_6913,0.16573551844748058
    EID_5739,0.19945828644864233
    EID_19814,0.2003564385236748
    EID_20320,0.18622352680984444
    EID_2043,0.15097975034886113
    EID_21992,0.21510684492543553
    EID_9324,0.23486939013578365
    EID_3863,0.17072518033001954
    EID_7513,0.22412502384869792
    EID_11120,0.23085103494389964
    EID_6548,0.18972009734648818
    EID_23957,0.1459898133325244
    EID_11408,0.20548672645422386
    EID_24638,0.21615720948153994
    EID_3908,0.16485472588648786
    EID_17023,0.1590723781451264
    EID_10902,0.20267209807035014
    EID_3543,0.16550700916621877
    EID_3633,0.1621130560217707
    EID_3394,0.16289909693329369
    EID_8619,0.1821971462669714
    EID_13424,0.1950196195795787
    EID_15405,0.18567156880361957
    EID_21727,0.1635825994573561
    EID_18916,0.18761535505683385
    EID_3335,0.1844458342634314
    EID_2811,0.17326398967030024
    EID_8620,0.19095019060414795
    EID_3249,0.1968347684997277
    EID_22140,0.1860845057107418
    EID_18934,0.17520083107506473
    EID_24271,0.23772580100881108
    EID_2164,0.1615195314631856
    EID_22961,0.17941028181696173
    EID_25318,0.1922462451519438
    EID_23064,0.2010537496360752
    EID_1056,0.13047799333744786
    EID_4389,0.17483833810236715
    EID_6949,0.20289572800351002
    EID_16133,0.1867280921499767
    EID_8023,0.16917898307892623
    EID_19426,0.204907238201277
    EID_12895,0.22569002768871188
    EID_17667,0.190759341807588
    EID_14826,0.20584535507845012
    EID_8807,0.20367054461435813
    EID_13977,0.21155337048550216
    EID_11167,0.18717720465078183
    EID_22535,0.17150753075979566
    EID_5357,0.17538981315000393
    EID_1450,0.17280369072784782
    EID_24647,0.20223089269328645
    EID_1516,0.17216447927906964
    EID_10122,0.1708162498499182
    EID_2423,0.17934610396141087
    EID_4276,0.1871883170516857
    EID_10610,0.1877202346001388
    EID_5840,0.1573962363671664
    EID_19117,0.24053461441457688
    EID_1753,0.18291787852259664
    EID_11679,0.19727333715737022
    EID_12425,0.19387923501260795
    EID_21118,0.18756872275535252
    EID_1348,0.1736323318378873
    EID_3143,0.17905025255488
    EID_12153,0.21803697964117283
    EID_22834,0.20958030885664955
    EID_14978,0.18071504131941762
    EID_23361,0.24307924316347873
    EID_5207,0.20500419184221522
    EID_8395,0.15912508634610734
    EID_2440,0.1826168789549859
    EID_14196,0.21946268058082097
    EID_16684,0.17419514100184427
    EID_22520,0.20447800898033128
    EID_14689,0.20180186639509431
    EID_22890,0.1905012223688677
    EID_18695,0.18476722169636342
    EID_1275,0.1563859316249684
    EID_6033,0.19249615320455488
    EID_25616,0.19615138675572122
    EID_6190,0.17821481595123545
    EID_2964,0.1680603776277001
    EID_24869,0.2207469792203706
    EID_3319,0.16185923341427344
    EID_15857,0.19814054675810808
    EID_4615,0.185577388917818
    EID_23926,0.18299336137440064
    EID_15506,0.17117060372584136
    EID_4168,0.17829253341826592
    EID_23593,0.2850481842672862
    EID_3108,0.24402789716121998
    EID_22846,0.2213329571259576
    EID_12618,0.19982313828490245
    EID_20341,0.2081287944652097
    EID_15441,0.1957304308803431
    EID_20278,0.15457621162675536
    EID_19511,0.20537413143960145
    EID_7832,0.17845649990835877
    EID_7775,0.16471936974192833
    EID_9409,0.14986020354509835
    EID_11483,0.24477939317914144
    EID_6657,0.21548862063540086
    EID_10338,0.23604573717324115
    EID_7683,0.1747245305234041
    EID_11854,0.20753216291347468
    EID_17102,0.24278602374278246
    EID_9882,0.19079244948309512
    EID_19326,0.2273661217711488
    EID_1670,0.15694357364358327
    EID_17455,0.17647760819434613
    EID_24867,0.2073417366268258
    EID_22972,0.18533232204667519
    EID_4679,0.14996090032658987
    EID_7172,0.18644962674088952
    EID_7401,0.20094809590918442
    EID_13199,0.18555995354817434
    EID_12244,0.1611337951878444
    EID_12771,0.20252006417174276
    EID_7230,0.1552321647909258
    EID_19736,0.20323832844938672
    EID_2755,0.1385465873821163
    EID_19126,0.16587049321348843
    EID_20949,0.168808472752973
    EID_4573,0.17305172382315132
    EID_23671,0.19067830899141386
    EID_11580,0.1641727733093979
    EID_15600,0.15030265740519339
    EID_17577,0.20542096425676767
    EID_6773,0.1346317626710136
    EID_9565,0.15904811104033653
    EID_13401,0.15059881710522713
    EID_17438,0.22643872366792614
    EID_7604,0.19443612996512827
    EID_1215,0.1897380922166734
    EID_24765,0.15608086983898137
    EID_2084,0.20406753544186854
    EID_17898,0.16850042777027754
    EID_9752,0.22292678157131882
    EID_19867,0.21154368498585197
    EID_5430,0.20159176750778598
    EID_22617,0.22790831993083635
    EID_23590,0.1686508595516755
    EID_11131,0.21802319823927746
    EID_1623,0.13889231153145232
    EID_25390,0.16490988513042143
    EID_23316,0.1711522892007278
    EID_11595,0.2595841649299298
    EID_10827,0.17934723406268396
    EID_14787,0.18464220335404072
    EID_18290,0.223245468641603
    EID_17889,0.14672054696269604
    EID_7936,0.1893055763543529
    EID_12044,0.19695255929075947
    EID_8205,0.14518906780149993
    EID_22950,0.14940652139193422
    EID_4965,0.15326120753159822
    EID_24073,0.20639253141713668
    EID_4946,0.1335004534577083
    EID_14618,0.2217330306178535
    EID_17692,0.2029688535252299
    EID_23220,0.16933679533756021
    EID_24364,0.26207972215586817
    EID_20216,0.1417367222422932
    EID_24865,0.19556572916317683
    EID_11009,0.19862056033002096
    EID_6889,0.1855231654458483
    EID_10375,0.18138585942178054
    EID_11917,0.1759752768233913
    EID_25323,0.2253196825558008
    EID_21841,0.1744279042898148
    EID_25278,0.17982421880377136
    EID_17857,0.2852877431726142
    EID_2991,0.1607026384823513
    EID_23822,0.1758638277157398
    EID_12098,0.1520734174367766
    EID_14665,0.21583687018236428
    EID_25373,0.23162497870729198
    EID_22143,0.13836041103906738
    EID_4000,0.14240277942596619
    EID_2951,0.11042235208712026
    EID_8610,0.1718190846813947
    EID_6998,0.1503156114190907
    EID_21972,0.2159667137736428
    EID_3582,0.16096493557190653
    EID_18220,0.1716984326107057
    EID_12381,0.18463755086120934
    EID_15689,0.20594144062198175
    EID_12239,0.1797736390813322
    EID_3987,0.12206704474796354
    EID_20164,0.1806982237368465
    EID_1654,0.15639719390059437
    EID_25583,0.23194195628863104
    EID_22736,0.19719991118363397
    EID_22169,0.16785038733916413
    EID_9495,0.15654007053188576
    EID_2465,0.1337910208393846
    EID_1659,0.18280275952778446
    EID_4509,0.13612249558278064
    EID_15264,0.1718044494372228
    EID_9494,0.19825655522407973
    EID_23657,0.18377962263493036
    EID_10376,0.18197541118986457
    EID_25277,0.2462886155840945
    EID_15121,0.18291208657730745
    EID_14760,0.21474948005178374
    EID_9160,0.19627047660495414
    EID_18574,0.20660785275705773
    EID_2977,0.1567615634053981
    EID_4745,0.1562636375735459
    EID_6762,0.18262917871631962
    EID_2682,0.17848327038779244
    EID_19172,0.1814897977521897
    EID_1013,0.22980001537927738
    EID_1242,0.1383612063424912
    EID_10336,0.1770475420524938
    EID_11247,0.17948199132401893
    EID_4631,0.12584515616000017
    EID_21660,0.20916507199005616
    EID_6752,0.1707487861497253
    EID_14409,0.17114888343456056
    EID_21720,0.14855015061357935
    EID_14495,0.1994494424805205
    EID_15348,0.23479123474206004
    EID_9610,0.1653098710840394
    EID_10629,0.16159023823552432
    EID_10182,0.19645266363716396
    EID_10598,0.16537738559177384
    EID_11065,0.1831141544657864
    EID_16129,0.16095753718508163
    EID_15572,0.19577677782667388
    EID_21059,0.19555023240428523
    EID_7812,0.18186278234298786
    EID_15162,0.2082419106003686
    EID_6911,0.15240476863608002
    EID_17591,0.1874785715969922
    EID_22638,0.21492361728278886
    EID_3217,0.17057019428009723
    EID_10116,0.1808217296473326
    EID_23199,0.17056319205815637
    EID_18844,0.19486868168224786
    EID_19931,0.19652043879750689
    EID_22215,0.19730104439966392
    EID_14623,0.18634247698094605
    EID_7884,0.15239744192648666
    EID_3197,0.13775405933719354
    EID_11291,0.17512003283213412
    EID_3320,0.1869424906672188
    EID_12585,0.15905517677442504
    EID_13592,0.19307241524224816
    EID_11264,0.1650236707890748
    EID_6997,0.19658958969968454
    EID_2327,0.15910927711671397
    EID_9340,0.2204150196453939
    EID_14544,0.18992965944965967
    EID_13055,0.16859617476973876
    EID_14014,0.17857496717278132
    EID_7429,0.18644810831598502
    EID_19008,0.19202597853111655
    EID_14283,0.22565354352309352
    EID_10882,0.18608227616192846
    EID_5194,0.1624549499458836
    EID_23844,0.17105992274619095
    EID_22628,0.2453114206219667
    EID_10033,0.21399568852683087
    EID_13281,0.20407448345730092
    EID_23871,0.21888943638840083
    EID_3621,0.2018851123069348
    EID_12968,0.1556350131802044
    EID_5819,0.15937166639563632
    EID_6694,0.19334563268948513
    EID_17656,0.25006021212995944
    EID_8888,0.22471921409448337
    EID_14552,0.21612952531084878
    EID_15342,0.17739039488633906
    EID_7728,0.20453942677818884
    EID_10331,0.15258244424959197
    EID_5479,0.17513160176978573
    EID_25526,0.2120020503271215
    EID_12348,0.18236311520745394
    EID_6196,0.1973778369991065
    EID_3619,0.16635803615713607
    EID_11280,0.21445814944518624
    EID_18119,0.17699628830418015
    EID_18058,0.20386774830909282
    EID_20911,0.24187102092809334
    EID_19840,0.1925451392592859
    EID_11808,0.21852953231776998
    EID_16265,0.15630691260915322
    EID_25976,0.1540048004538508
    EID_3872,0.2355343545450379
    EID_23029,0.16424983244146418
    EID_11745,0.14131034416870708
    EID_9556,0.17132322263590838
    EID_19748,0.19414872365108168
    EID_23253,0.21818812060739262
    EID_16237,0.18549697200570367
    EID_11694,0.19113480579920225
    EID_12824,0.19614164655712873
    EID_12797,0.15913589392159774
    EID_3524,0.2099490436752737
    EID_10559,0.18612345738754754
    EID_22844,0.16349488680774907
    EID_22281,0.19832557063443645
    EID_9535,0.15282580714976077
    EID_1642,0.17282058061309508
    EID_17630,0.31766021790822063
    EID_15083,0.1797774129825782
    EID_2690,0.14219850031260448
    EID_12199,0.1747951632750907
    EID_3449,0.20864682358860698
    EID_12097,0.17312618243114958
    EID_23272,0.18663931336186546
    EID_6890,0.20395847923078417
    EID_2438,0.14423958412802884
    EID_6508,0.1696852408925623
    EID_10772,0.15878807094247926
    EID_6076,0.18156245028634896
    EID_3045,0.2058401009393384
    EID_24779,0.2083936327838404
    EID_12553,0.19850666621358884
    EID_24984,0.20789792317720152
    EID_17157,0.20276301490642487
    EID_11823,0.18409223590044235
    EID_4765,0.15979783002467662
    EID_16143,0.16121117570929472
    EID_19658,0.17793364620376592
    EID_12035,0.19567077010745698
    EID_3481,0.19430916989592908
    EID_12776,0.1832532856042685
    EID_21160,0.1426147255980666
    EID_11127,0.1916488440214827
    EID_11784,0.18383372909210957
    EID_17458,0.26439611916697897
    EID_15653,0.16477296726991572
    EID_25399,0.28215483308036127
    EID_8799,0.20541175358222788
    EID_14529,0.21882537458801116
    EID_19407,0.1978624836568222
    EID_8224,0.15984963720380435
    EID_21582,0.22949154440445788
    EID_14807,0.14924613166509218
    EID_17338,0.18096752920746698
    EID_10635,0.17527182983356004
    EID_16300,0.22306880205108723
    EID_5155,0.172542665923158
    EID_11136,0.21447418242519087
    EID_7716,0.1787422038687168
    EID_13041,0.2432114881360385
    EID_1572,0.18188456123077082
    EID_2382,0.14631702245375403
    EID_4568,0.17356041507428427
    EID_25153,0.23911293601179626
    EID_20523,0.20729352855680594
    EID_2332,0.19687360133311008
    EID_6143,0.196675235552199
    EID_19549,0.21186300904065086
    EID_24568,0.16920545047152957
    EID_23211,0.17790784002362123
    EID_2342,0.1819535934918468
    EID_2922,0.15547912414153758
    EID_6026,0.1854652077270016
    EID_10107,0.15956798475068446
    EID_14855,0.16113769139951156
    EID_18780,0.21571237626811168
    EID_10578,0.15199008869781347
    EID_3842,0.16143446637462314
    EID_10225,0.17191694551132755
    EID_15275,0.16999983003129499
    EID_10740,0.2023637391579005
    EID_9483,0.19149191374851415
    EID_11262,0.19093432038617209
    EID_24388,0.2366114339089094
    EID_19271,0.21036103009841853
    EID_15363,0.21145572285164804
    EID_16555,0.1800371905989494
    EID_7387,0.1730021269240956
    EID_2692,0.1677137689818561
    EID_19754,0.14577046082758865
    EID_10859,0.23529065404254068
    EID_16618,0.20112565705825847
    EID_1697,0.2037769087405806
    EID_3764,0.15441806123556803
    EID_4502,0.1366156929460151
    EID_19240,0.18652379841645475
    EID_22590,0.164050130285312
    EID_14056,0.19484109872901023
    EID_20697,0.22363071431984358
    EID_2505,0.12254144436272202
    EID_23288,0.1758785445826243
    EID_23373,0.23499610396734422
    EID_18878,0.18836240024486173
    EID_11857,0.17140308212093003
    EID_25945,0.19094430132371673
    EID_18242,0.18281057011982282
    EID_22823,0.19041819919329406
    EID_5625,0.15506382190409146
    EID_6702,0.1648535246268998
    EID_24252,0.15476230611791092
    EID_12704,0.1829730539220304
    EID_1770,0.16256332789979464
    EID_10159,0.16389290833837616
    EID_3702,0.21504825720091716
    EID_2688,0.15694679555775626
    EID_19784,0.24129250791958595
    EID_3636,0.132332078097562
    EID_14537,0.21568295826072809
    EID_4878,0.14995264526834912
    EID_10260,0.1762838071665231
    EID_5154,0.16767669767147436
    EID_21206,0.17978774482358084
    EID_15511,0.2206933909408049
    EID_8010,0.1564588033815964
    EID_6249,0.19216923508958242
    EID_7392,0.15454545365006891
    EID_18362,0.18050623684564035
    EID_14147,0.19650680664936573
    EID_24826,0.1878014707077221
    EID_10862,0.2125447911321314
    EID_3088,0.16519689762677217
    EID_2871,0.18591379374548775
    EID_22681,0.1898676323352842
    EID_3720,0.1672145769951195
    EID_21540,0.19087457403702496
    EID_3516,0.2285559939986097
    EID_10969,0.22207167177855716
    EID_11396,0.22089075149413573
    EID_11407,0.18609094072268448
    EID_19264,0.19436880918009936
    EID_12406,0.19779073719625087
    EID_19440,0.17835598563538085
    EID_22729,0.19895851806343257
    EID_21143,0.2177335980507994
    EID_19936,0.17847372741466924
    EID_13997,0.2208637678394697
    EID_15533,0.21428013853480823
    EID_22065,0.24190510158083367
    EID_6600,0.13079275670857446
    EID_15316,0.19212273581490477
    EID_10721,0.1997123077419301
    EID_20630,0.1955585167459656
    EID_17720,0.2192474312429543
    EID_7692,0.19001915940443564
    EID_25004,0.19481447848787153
    EID_1804,0.18492911952554325
    EID_25207,0.18910224501261202
    EID_7638,0.15344029073558033
    EID_8179,0.17816648913739877
    EID_23406,0.1704388983822076
    EID_19285,0.1589222173042497
    EID_15333,0.2570120254637044
    EID_9685,0.2035773380147462
    EID_15725,0.16648595263604807
    EID_8302,0.17492420037802076
    EID_10726,0.20414168874736746
    EID_6168,0.2012881276723429
    EID_16711,0.17360857174894254
    EID_24881,0.2345703387153483
    EID_15281,0.2782381412665917
    EID_17428,0.23017327446327498
    EID_2814,0.18123109355890518
    EID_8717,0.1641268276043083
    EID_4395,0.19801864781054088
    EID_22871,0.2240840060263561
    EID_22152,0.23536509912400086
    EID_23649,0.21644436967175942
    EID_24748,0.16660212342512304
    EID_25426,0.2115397267088141
    EID_13986,0.183574216736675
    EID_19704,0.20024411505088666
    EID_15554,0.22575724588935298
    EID_23100,0.18987341297754448
    EID_25408,0.19493623937988222
    EID_15870,0.16891516412670005
    EID_4048,0.18679537946272196
    EID_12712,0.17077184696029196
    EID_1937,0.15889451210988625
    EID_14246,0.2017167750392532
    EID_2569,0.17618749485152202
    EID_6228,0.18441038034040133
    EID_21309,0.20598862681356545
    EID_16971,0.22184746103578148
    EID_25273,0.20503804774902237
    EID_8968,0.16110484024758134
    EID_21475,0.17253404885951465
    EID_1982,0.1768546674553285
    EID_23627,0.19554028481350624
    EID_14209,0.2046230122951585
    EID_22365,0.21848534408003886
    EID_21031,0.21046468581443467
    EID_16883,0.18180764711672914
    EID_15734,0.1823680500463169
    EID_20840,0.1995954220130086
    EID_20792,0.20232688609629484
    EID_2652,0.1508166962144984
    EID_3079,0.17778127805190705
    EID_1425,0.1926891333277586
    EID_17271,0.1851355981184085
    EID_22724,0.24429713967192723
    EID_23964,0.22412866124277123
    EID_9333,0.159019382569018
    EID_12374,0.1809794481507973
    EID_25107,0.2908815093972268
    EID_22869,0.1586217104284699
    EID_18753,0.1720362601712154
    EID_16805,0.17722925788906696
    EID_19994,0.22089173164257017
    EID_3004,0.14781185402503277
    EID_12616,0.20924095235998177
    EID_6090,0.1993131679379599
    EID_3303,0.15238068912200242
    EID_9435,0.2064025405917467
    EID_1838,0.12983362981315766
    EID_15681,0.19401722443008146
    EID_17496,0.239592992177723
    EID_8456,0.16317897701702136
    EID_23174,0.20606398614537377
    EID_8285,0.2187761118956362
    EID_6547,0.18082842253936002
    EID_23648,0.2116690110238445
    EID_7958,0.2235598891422611
    EID_19299,0.18785426000036246
    EID_8699,0.15913094454094479
    EID_14528,0.19688624882165617
    EID_23167,0.16877104766850967
    EID_25289,0.24787778677532193
    EID_12802,0.1971312962823016
    EID_15986,0.17632973296361568
    EID_3609,0.1862228992956918
    EID_2045,0.18264407770138502
    EID_1788,0.16903534198325415
    EID_22630,0.1656843469744669
    EID_10542,0.18832143580918936
    EID_13101,0.1788564597056759
    EID_5159,0.17912019954505776
    EID_18490,0.15186300410898282
    EID_25693,0.19404361584398752
    EID_20514,0.15785805414869233
    EID_3713,0.1657498581990031
    EID_11193,0.17573113839821447
    EID_6052,0.15145815413791766
    EID_6986,0.2004599278312537
    EID_9104,0.21808971958920748
    EID_23058,0.17875636352940238
    EID_3156,0.16213846265393522
    EID_17660,0.26187738691388485
    EID_17514,0.20573016364359914
    EID_15370,0.2249522152561115
    EID_12207,0.2370971641065776
    EID_7351,0.21584277387117357
    EID_24727,0.1590212563802065
    EID_6356,0.14840768192952766
    EID_15421,0.20691067709169841
    EID_11772,0.2224431671218234
    EID_14071,0.2170000479499501
    EID_16359,0.1782038451652759
    EID_16919,0.21536241200877293
    EID_21496,0.20922920913672766
    EID_10564,0.19014824001684885
    EID_3773,0.14946002616273105
    EID_9484,0.18411993966811574
    EID_13601,0.14295866195887016
    EID_13843,0.21658817664177563
    EID_8774,0.17363973520974377
    EID_7542,0.18505920644739146
    EID_3388,0.17197321878176142
    EID_17949,0.20716538440447316
    EID_1815,0.16842877350817276
    EID_10479,0.22268154738347187
    EID_10722,0.14852213828320798
    EID_3427,0.17712329406226018
    EID_18205,0.17034138715905262
    EID_21650,0.14264530520598726
    EID_23124,0.18680030292130417
    EID_4294,0.1475235540332607
    EID_13366,0.1987393693726646
    EID_13957,0.2085088752997604
    EID_3578,0.19934666860745343
    EID_24105,0.1813151333813943
    EID_13186,0.18908594432873913
    EID_24214,0.16235777515131175
    EID_17251,0.2283489851248846
    EID_23225,0.22207402972606
    EID_2152,0.18945098953466738
    EID_10625,0.19162616424840825
    EID_2044,0.164590828540039
    EID_7201,0.14939853027111774
    EID_2405,0.1878709982739017
    EID_22716,0.18392439030988336
    EID_22728,0.16805992056633293
    EID_21251,0.18724259969341941
    EID_6915,0.17181673880689952
    EID_14744,0.2021612077759194
    EID_15814,0.17364587938942802
    EID_6659,0.2151900064084128
    EID_10991,0.1730769087162845
    EID_6500,0.18003068059372337
    EID_19121,0.1597922742775342
    EID_6278,0.1258367353384217
    EID_13236,0.18849400354164092
    EID_5382,0.14358745463720698
    EID_6871,0.15656778722035086
    EID_5012,0.17600451300150768
    EID_1268,0.16129101393095213
    EID_6588,0.17133531161981244
    EID_22163,0.16175537473920518
    EID_11121,0.16279811023915333
    EID_22615,0.24444373294087932
    EID_7838,0.18054374094289483
    EID_3344,0.12745448094543857
    EID_25292,0.1953515173154646
    EID_10730,0.16303398653437515
    EID_10317,0.15152436901587535
    EID_13443,0.22243748120368798
    EID_10988,0.19182623508732513
    EID_23091,0.21258790524693325
    EID_1839,0.1898877891609452
    EID_13892,0.16932705987541757
    EID_1496,0.16540002135855508
    EID_15045,0.1786755270161105
    EID_3744,0.19074585065195396
    EID_13010,0.15218249308799914
    EID_9716,0.1698769201113477
    EID_2993,0.15398867626046145
    EID_23435,0.2162175605300514
    EID_8587,0.17329561635636864
    EID_22132,0.23525268418495823
    EID_21413,0.1884397465169262
    EID_11881,0.16394052129559053
    EID_19850,0.22171616456928328
    EID_18460,0.17117941987388532
    EID_17983,0.21946631708788975
    EID_14888,0.2276855029902797
    EID_14002,0.20914124162400372
    EID_13524,0.2214921590734227
    EID_4049,0.20461894262990427
    EID_6535,0.1571242778616435
    EID_10557,0.18256196115189033
    EID_1313,0.15269419637880563
    EID_12424,0.17873140222852663
    EID_8210,0.14641172832271862
    EID_22378,0.2649581667122849
    EID_19644,0.17525463714926118
    EID_8790,0.1739518312774252
    EID_5778,0.17519766451225055
    EID_23887,0.18971467056736582
    EID_16103,0.1726360044077467
    EID_20604,0.21327193084317073
    EID_17378,0.16967050757669982
    EID_5566,0.18783736468046816
    EID_24264,0.23036396559414185
    EID_7814,0.21143991666796497
    EID_1968,0.16877453086738856
    EID_10282,0.1743527029895727
    EID_13648,0.20651862762404702
    EID_22376,0.2567511746863227
    EID_3690,0.1615715453176867
    EID_17871,0.18906828892790373
    EID_19167,0.19450911077368535
    EID_5366,0.14733929648201746
    EID_16996,0.22316770661007032
    EID_1953,0.12994148826464838
    EID_8760,0.20230630679048855
    EID_20448,0.2126173046844111
    EID_15787,0.21868304579555656
    EID_18982,0.18402872850369648
    EID_4388,0.15451861392173985
    EID_22325,0.258644969516612
    EID_10189,0.1939921196181301
    EID_21162,0.17542094371033806
    EID_1032,0.20413641258943227
    EID_12045,0.146057984890091
    EID_18324,0.20122666961379182
    EID_15085,0.18454319310269102
    EID_21927,0.20864323719318156
    EID_13325,0.1837754885962476
    EID_17801,0.20946765712420234
    EID_7678,0.1852494626680658
    EID_17469,0.16624282042931812
    EID_14318,0.2106455920881657
    EID_16439,0.20014716713667158
    EID_2307,0.1899779032303753
    EID_20011,0.1774109136839609
    EID_19381,0.21152993682221244
    EID_14043,0.17764137349166045
    EID_14774,0.18924525529303382
    EID_22982,0.21808445572138402
    EID_19092,0.19358709821251624
    EID_13137,0.20299091801654712
    EID_5738,0.19211865339973597
    EID_19661,0.1731940175647448
    EID_22570,0.16239998395226313
    EID_16393,0.17609777242117997
    EID_4256,0.23296737889622823
    EID_17873,0.17806504806875742
    EID_13832,0.20804223655775766
    EID_17617,0.21245352787120472
    EID_3106,0.14649479060914572
    EID_6567,0.21983456236113388
    EID_4727,0.15645891363394593
    EID_14518,0.20343662549219016
    EID_1070,0.16571971211775832
    EID_19385,0.218267307481868
    EID_20032,0.22306207032111774
    EID_11714,0.20098378139041942
    EID_23636,0.1837063968746159
    EID_1985,0.17530537913881905
    EID_5627,0.18491299460609012
    EID_15171,0.18389495859550586
    EID_8811,0.20585794682549075
    EID_2163,0.18407736725191962
    EID_8459,0.17216674085713016
    EID_18138,0.19900260356667937
    EID_17518,0.22048498103951175
    EID_17432,0.18282553344941396
    EID_25686,0.15488410876180986
    EID_2470,0.17061135836514854
    EID_16311,0.17512244785971443
    EID_6903,0.19950204370776858
    EID_11990,0.23844592270301906
    EID_23460,0.2563725155994272
    EID_25924,0.1985480551546374
    EID_13985,0.16624640188093634
    EID_5455,0.25199495229514407
    EID_13427,0.15499818901389822
    EID_24855,0.2404950996056105
    EID_15532,0.18574557868739547
    EID_8953,0.1446568014239694
    EID_22683,0.1494668903222242
    EID_22493,0.24955799250005778
    EID_1451,0.1883278248482086
    EID_20796,0.1724633285759832
    EID_17281,0.2150160990201303
    EID_7767,0.1754470496737265
    EID_20838,0.22752439929676455
    EID_17235,0.17200846733043143
    EID_21615,0.21577422399322568
    EID_6972,0.18333677953900948
    EID_13930,0.1984830167639914
    EID_4188,0.13861692757667318
    EID_11277,0.16901472894470365
    EID_18053,0.19359308037038442
    EID_11288,0.16427906996412936
    EID_1148,0.1486112643927266
    EID_19216,0.18842367401195487
    EID_7660,0.19250496019667218
    EID_22805,0.21921346140868417
    EID_11931,0.20591171540597264
    EID_16921,0.1803821564104495
    EID_4993,0.16516507167923847
    EID_18070,0.22304935295895076
    EID_15648,0.19277536444079224
    EID_11404,0.1707764261812877
    EID_14248,0.22933071963517013
    EID_15424,0.17989206389060525
    EID_8039,0.18927805181751425
    EID_7094,0.17598723586694992
    EID_13161,0.18318026132537904
    EID_9293,0.18191298634586212
    EID_4351,0.17843074281288054
    EID_17259,0.17244743533966755
    EID_2681,0.20168386425154625
    EID_22123,0.22704211436485935
    EID_8528,0.1292963040372345
    EID_11798,0.18285674393284088
    EID_20265,0.21301204164537932
    EID_21396,0.20141327576761006
    EID_12220,0.19911168595205825
    EID_25722,0.2368291792219485
    EID_21719,0.21562594584458028
    EID_3506,0.24934297624508034
    EID_2139,0.16592711233069604
    EID_6562,0.15908431611226406
    EID_4353,0.18239074842770547
    EID_24392,0.2322602443332253
    EID_11238,0.17329612516477333
    EID_20617,0.203157175595837
    EID_21473,0.17572030546570214
    EID_16837,0.22209325210475842
    EID_1800,0.18880094043776086
    EID_25849,0.21532362178042735
    EID_9395,0.2135747548370309
    EID_2415,0.14882474965429213
    EID_9286,0.1918388182238543
    EID_5081,0.1570180605482017
    EID_22546,0.21182066392839863
    EID_11932,0.19332633480299857
    EID_16292,0.20564074135364135
    EID_17882,0.22754246962545016
    EID_20889,0.301305231834542
    EID_10031,0.18600775415618956
    EID_21576,0.22421843266564248
    EID_8256,0.19043292582595148
    EID_2614,0.1724378240989094
    EID_2098,0.17039523354172975
    EID_10242,0.1865598441693572
    EID_21993,0.17346245601687715
    EID_22664,0.18488735596050662
    EID_1919,0.17481832345954257
    EID_11629,0.1827499141231796
    EID_6840,0.15786298270430968
    EID_25493,0.22983394831103107
    EID_14968,0.19892414729192462
    EID_25313,0.1829339915762775
    EID_8035,0.1985840056902062
    EID_8969,0.18458129677235494
    EID_15223,0.16334159144777713
    EID_6266,0.15808093968443784
    EID_8184,0.16061223359367138
    EID_19480,0.19455322890632423
    EID_19076,0.21845927669350682
    EID_16339,0.19976183466515868
    EID_7963,0.17499846596269475
    EID_17427,0.17760555483684193
    EID_12641,0.19343925047845176
    EID_4122,0.24416943626964782
    EID_23659,0.17921909703600125
    EID_13486,0.17398418641283886
    EID_18423,0.18329052589790754
    EID_2181,0.2183389262050589
    EID_25490,0.192083961977598
    EID_9211,0.15436466014878875
    EID_5237,0.15919305739722087
    EID_2418,0.1856262418298005
    EID_17716,0.21590851444052228
    EID_13837,0.20572838537427712
    EID_2840,0.20322164562801637
    EID_13004,0.199807790938325
    EID_14429,0.17833837956961213
    EID_18915,0.235171534710096
    EID_22415,0.18620755253095164
    EID_4304,0.2722560865442034
    EID_10753,0.18929816725020318
    EID_22612,0.18411583344137275
    EID_1857,0.15931097277571415
    EID_3566,0.1514049736947085
    EID_8545,0.17231428202572854
    EID_21685,0.21492136539099033
    EID_9946,0.14314793726639535
    EID_20447,0.22014736324238687
    EID_3887,0.1693308917107535
    EID_8351,0.15789487415497452
    EID_23889,0.1717722736062028
    EID_8248,0.1465857226519154
    EID_16621,0.16243949342409963
    EID_25138,0.2803507432944323
    EID_10004,0.17580382868015992
    EID_5522,0.20597531261267563
    EID_23416,0.16715819784059552
    EID_14897,0.16464140645314715
    EID_10840,0.15048112634424676
    EID_21716,0.18814124756078585
    EID_18484,0.206564435356264
    EID_7402,0.18933855154037893
    EID_24854,0.2356991859621272
    EID_1610,0.15782366090622807
    EID_17592,0.19368720528214298
    EID_22128,0.19028725210443104
    EID_17304,0.18837438615640706
    EID_1508,0.1525208872641874
    EID_20492,0.2167535195728233
    EID_2324,0.17184603615153468
    EID_17093,0.21244294232326275
    EID_23356,0.22438214826025943
    EID_17895,0.20972960536202293
    EID_8186,0.14957848243715588
    EID_19358,0.20815674731424552
    EID_6030,0.2404176077562803
    EID_17457,0.2675459187014202
    EID_14976,0.1928068600909185
    EID_8914,0.19745455146777294
    EID_5721,0.15595528375255513
    EID_11266,0.19410781192129173
    EID_17012,0.20986557547153767
    EID_7554,0.1671134251221091
    EID_3087,0.18295483384636743
    EID_19716,0.168037660802196
    EID_21723,0.18473907243050647
    EID_13072,0.1898309376083146
    EID_9776,0.14294625675595343
    EID_25927,0.23700606211210784
    EID_5593,0.17310411155042937
    EID_13954,0.1668291419156494
    EID_16034,0.2297758822983383
    EID_1719,0.1587667563244773
    EID_23054,0.14447418085593555
    EID_15591,0.18989119684327369
    EID_5178,0.1357936495135442
    EID_24346,0.2325130677855133
    EID_21264,0.15715939095757372
    EID_3292,0.18272789906874903
    EID_14975,0.1981122189309226
    EID_9165,0.184531301654154
    EID_23369,0.18318809616901746
    EID_18767,0.23995616720903154
    EID_10153,0.17405189922431358
    EID_2542,0.15082680681344443
    EID_23826,0.2375793118987364
    EID_20391,0.17958253003905839
    EID_8633,0.17264596494512885
    EID_5875,0.1727281631498025
    EID_12699,0.2385249052341248
    EID_12982,0.1550225356690521
    EID_16392,0.17720724198021853
    EID_8185,0.1707389172362875
    EID_15462,0.1689786087745288
    EID_4853,0.17723505443055454
    EID_17622,0.15963461045762836
    EID_23074,0.22513284938724418
    EID_6390,0.1620832047099486
    EID_24539,0.2187398148665828
    EID_12963,0.16697152635105456
    EID_8649,0.1849817000674983
    EID_11810,0.20875449762389184
    EID_3598,0.1723943457103383
    EID_13511,0.19166783855696423
    EID_16014,0.22387432148358613
    EID_24791,0.23467112736543375
    EID_3417,0.14937410847978977
    EID_24668,0.1821313664670693
    EID_4508,0.15484876190779437
    EID_25150,0.20534409023729236
    EID_25934,0.24282860925338529
    EID_6308,0.18241472744190784
    EID_10508,0.18427792733045376
    EID_18724,0.18212904961543788
    EID_10536,0.19396082942719667
    EID_18738,0.24569926961925925
    EID_15949,0.168075037701381
    EID_20722,0.1825513284383891
    EID_14963,0.2326119174452077
    EID_6682,0.1360311920188756
    EID_8365,0.22505729299389945
    EID_17999,0.231246539698495
    EID_24499,0.18467762420496234
    EID_20389,0.2442979227915526
    EID_12123,0.22849078928158315
    EID_19203,0.2137857107163586
    EID_3538,0.17561914408550885
    EID_19811,0.19815114100602366
    EID_11473,0.16609195293030893
    EID_3032,0.19640243523779308
    EID_8419,0.21883888389684664
    EID_9052,0.2613624977496026
    EID_15837,0.1774639065705005
    EID_6644,0.13687028078628716
    EID_16894,0.24345654633586553
    EID_10552,0.1799238836561047
    EID_14750,0.20351690433089167
    EID_16659,0.23366124188176143
    EID_4472,0.1864056855964413
    EID_4076,0.15528336096303136
    EID_5163,0.13896390158019326
    EID_25923,0.19719579529819836
    EID_24806,0.17652384118723902
    EID_3742,0.21444872793911463
    EID_19722,0.20214827090240667
    EID_18033,0.23995335320620298
    EID_16718,0.22455057467275577
    EID_13182,0.20503090669676433
    EID_23021,0.2456463235921601
    EID_20329,0.20109499548618626
    EID_8770,0.2657442966143943
    EID_11234,0.18660667758379154
    EID_18881,0.18071169602835477
    EID_1365,0.178150169473683
    EID_19318,0.1710609712045209
    EID_19343,0.1972184333583203
    EID_4435,0.19957303969017479
    EID_22102,0.22475631390037124
    EID_24095,0.17111593170172223
    EID_9897,0.25227741202336174
    EID_21635,0.20887441701267762
    EID_16514,0.23184128828854417
    EID_1997,0.2417487320236667
    EID_10324,0.16532156114286478
    EID_6487,0.2237877553090023
    EID_21197,0.21060451079798556
    EID_19082,0.19744504769544957
    EID_17562,0.16042800985755334
    EID_8738,0.2065413874246474
    EID_13687,0.16557286000272084
    EID_19572,0.2067372550686786
    EID_24909,0.15849284934858493
    EID_21814,0.17156982232575227
    EID_12083,0.1911483135802328
    EID_25919,0.20937626429902478
    EID_19140,0.2079788668914286
    EID_23924,0.2553328362449961
    EID_1208,0.1987789955808449
    EID_18170,0.18610577649137114
    EID_18699,0.20747945591002528
    EID_1318,0.20569505407381694
    EID_14941,0.1876891284398819
    EID_6540,0.1554993900482548
    EID_20936,0.22328040474064598
    EID_9705,0.17149799288706552
    EID_24181,0.21022280223846346
    EID_22138,0.1845478087658022
    EID_23044,0.19711432298226503
    EID_9038,0.19482624230754902
    EID_3247,0.23118809822249703
    EID_19630,0.22971050650188854
    EID_8655,0.2110385782878291
    EID_10423,0.14814444572295124
    EID_3946,0.1494583427803382
    EID_16512,0.20675520682446785
    EID_12473,0.1666773809000478
    EID_11571,0.1779654210557074
    EID_14381,0.22062783233199568
    EID_12675,0.2215470928732053
    EID_1930,0.14040304165981035
    EID_20155,0.17190787707196906
    EID_22902,0.17546568271432755
    EID_24145,0.23531470778005825
    EID_5342,0.16931164706276688
    EID_8334,0.2138893655953322
    EID_25708,0.2528873934313003
    EID_19991,0.2106155674208866
    EID_5499,0.17191752039590566
    EID_5953,0.17595042669263683
    EID_7444,0.16983452231826482
    EID_6218,0.19719399884430097
    EID_12891,0.2006403309039903
    EID_16456,0.2141420141911428
    EID_20256,0.2018636319109262
    EID_9959,0.18658285173419542
    EID_8845,0.17518943552412133
    EID_1662,0.19694225629904727
    EID_8739,0.19139893040026607
    EID_20695,0.22601826289285584
    EID_19446,0.17212534048649517
    EID_12441,0.19801491903697513
    EID_13066,0.2097934378628029
    EID_8911,0.16924490913348994
    EID_22200,0.22543602990805434
    EID_9689,0.17657291108295897
    EID_1668,0.16142154879295093
    EID_8120,0.16181816876006905
    EID_22777,0.20917148406465455
    EID_19141,0.24471276816253104
    EID_22674,0.2638013680687069
    EID_16121,0.1764321988212443
    EID_14662,0.17533911936786511
    EID_23290,0.2687615358008284
    EID_20144,0.27381590256318733
    EID_23052,0.2527089046575049
    EID_25575,0.21253001655747858
    EID_23724,0.1571682143198227
    EID_14759,0.19396599087705463
    EID_25209,0.24544927845730863
    EID_17753,0.19579497053725298
    EID_4693,0.15708953586877705
    EID_17284,0.2336759043964597
    EID_9131,0.25643670237767635
    EID_24625,0.16056269546701965
    EID_24912,0.23804583464424578
    EID_19612,0.16203288782015587
    EID_9147,0.1603736266820923
    EID_6891,0.13598278030007835
    EID_10639,0.18101831779417615
    EID_5880,0.18061525355872593
    EID_22547,0.1578648568024972
    EID_10066,0.18795536169524282
    EID_7126,0.15526637734382237
    EID_4929,0.18781183054672598
    EID_24750,0.18132059672050443